,SUBJECT,RATER,T1,atlas registration,REST1,REST2,REST3,REST4,MID1,MID2,SST1,SST2,nBack1,nBack2
0,subject_003841,user_0066,3,1,3,3,1,2,0,0,0,0,0,0
1,subject_004042,,2,2,1,1,1,2,1,1,1,1,2,1
2,subject_003842,,2,2,3,2,2,2,2,3,3,3,3,3
3,subject_000002,user_0064,2,2,2,2,2,2,2,2,2,2,2,2
4,subject_003843,,2,1,2,2,2,2,2,2,2,3,2,2
7,subject_000007,,1,1,1,1,1,1,1,1,1,1,1,1
8,subject_000011,,2,1,1,1,1,1,1,1,1,1,1,1
9,subject_003844,user_0064,3,3,2,2,2,3,2,2,3,3,3,3
10,subject_000013,,2,1,2,2,2,2,2,2,2,2,2,2
12,subject_000015,user_0066,3,1,1,1,1,2,1,1,2,1,1,1
13,subject_004043,,2,2,1,1,1,1,1,1,1,1,1,1
14,subject_000019,,1,2,2,2,2,2,2,2,3,2,2,2
15,subject_000020,,3,1,2,2,2,2,2,2,2,2,2,2
16,subject_003845,,3,2,2,2,2,2,2,2,2,2,2,2
17,subject_000025,user_0064,2,2,1,2,1,3,2,2,2,2,2,2
18,subject_000026,,2,2,2,2,2,2,0,0,2,0,0,0
19,subject_004044,,2,2,2,2,2,2,2,2,2,2,2,2
20,subject_003846,user_0066,3,1,1,1,1,1,0,0,0,0,0,0
21,subject_004045,user_0066,2,2,1,1,1,1,1,1,1,1,1,1
22,subject_000039,,1,2,1,1,2,1,1,1,1,1,1,1
23,subject_000043,,1,1,1,1,1,1,1,1,1,1,1,1
24,subject_004046,user_0066,2,1,1,0,0,0,0,0,0,0,0,0
25,subject_003847,,1,2,3,3,2,2,2,2,3,3,3,0
26,subject_000049,,2,2,1,1,1,1,2,2,2,2,2,2
29,subject_004047,,2,2,2,3,2,3,2,3,2,2,2,2
30,subject_000058,,3,2,1,2,2,2,2,2,2,2,2,2
32,subject_000060,,2,2,2,2,2,1,1,2,2,2,1,2
33,subject_004048,,1,1,2,2,2,2,2,2,2,2,2,2
34,subject_000063,,1,1,1,1,1,1,1,1,2,1,1,1
35,subject_000064,,1,1,1,1,1,1,1,1,1,1,1,1
36,subject_004049,,2,1,2,2,2,2,2,1,2,2,2,2
37,subject_000066,,3,2,2,2,2,2,2,2,2,2,2,2
38,subject_000067,,1,1,1,1,1,1,1,1,1,1,1,1
41,subject_000071,,2,1,2,2,2,2,2,2,2,2,2,2
42,subject_000075,user_0066,2,1,2,2,0,0,0,0,0,0,0,0
43,subject_004050,,2,1,2,2,2,2,2,2,2,2,2,2
45,subject_000083,user_0066,1,1,2,2,2,2,2,2,2,2,2,2
46,subject_000087,user_0066,1,2,1,1,1,1,1,1,1,1,1,1
47,subject_004051,user_0042,2,2,2,2,2,0,0,0,2,2,2,2
48,subject_000088,user_0044,1,1,1,1,1,1,1,1,1,1,1,1
50,subject_000094,,2,2,2,2,0,0,0,0,2,2,0,0
51,subject_000095,,3,2,2,2,2,2,2,2,0,0,0,0
52,subject_004052,,1,2,1,1,1,0,0,0,0,0,0,0
57,subject_000111,,2,2,2,2,2,0,0,0,0,0,0,0
58,subject_000112,user_0042,2,1,2,2,0,0,0,0,0,0,0,0
59,subject_000114,user_0044,2,1,1,1,1,1,1,1,1,1,1,1
61,subject_000116,user_0044,2,2,2,2,2,2,2,2,2,2,2,2
62,subject_000118,user_0044,1,1,2,2,2,2,2,2,2,2,2,2
63,subject_000119,user_0044,1,1,1,1,1,2,1,1,1,1,1,1
64,subject_000121,,2,2,2,2,2,0,2,2,0,0,2,2
65,subject_000122,,2,2,2,2,2,0,0,0,2,2,0,0
66,subject_000124,,1,2,2,2,2,2,2,2,2,2,2,2
68,subject_000131,user_0044,2,2,2,2,2,2,2,2,2,2,2,2
69,subject_000133,,2,3,2,2,2,2,0,0,2,2,0,0
70,subject_000136,,2,2,2,2,2,0,2,2,2,2,2,2
71,subject_004053,user_0044,2,1,1,1,1,1,2,2,2,2,2,2
73,subject_004054,,1,1,2,2,0,0,0,0,0,0,0,0
74,subject_000140,user_0044,1,1,1,1,1,1,1,1,1,1,1,1
75,subject_000141,user_0044,2,2,1,1,1,1,1,2,3,3,3,2
76,subject_004055,user_0044,2,1,1,1,1,1,1,1,1,1,1,1
77,subject_000144,user_0044,2,1,1,1,1,1,1,1,1,1,1,1
78,subject_000145,user_0044,1,1,1,1,1,1,1,1,1,1,1,1
79,subject_000149,user_0044,1,1,2,2,2,2,2,2,2,2,2,2
82,subject_000155,user_0044,2,1,1,1,1,1,1,1,1,1,1,1
88,subject_000164,user_0042,2,2,2,2,2,2,2,2,0,0,0,0
90,subject_003850,,1,2,3,3,3,0,0,0,0,0,0,0
93,subject_000176,user_0044,1,1,1,1,1,1,1,1,1,1,1,1
94,subject_000178,user_0044,2,1,1,1,2,1,2,2,2,2,2,2
95,subject_000185,user_0044,1,1,1,1,1,1,1,1,1,1,1,1
96,subject_000186,user_0044,1,1,1,1,1,1,1,1,1,1,1,1
97,subject_000187,user_0042,2,2,1,1,0,1,0,1,2,2,0,0
98,subject_000188,user_0042,1,1,1,1,1,1,1,1,1,1,1,1
99,subject_000189,user_0042,1,1,1,1,1,1,1,1,1,1,1,1
100,subject_000191,user_0042,2,1,1,1,1,1,1,1,1,1,1,1
101,subject_004056,user_0042,2,1,1,1,1,1,1,1,1,1,1,1
102,subject_004057,user_0042,2,1,2,2,2,2,2,2,2,2,2,2
103,subject_000196,,1,2,1,1,1,1,1,1,0,0,0,0
104,subject_000199,user_0042,1,1,2,2,2,2,2,2,2,2,2,2
106,subject_000203,,2,2,2,2,2,2,2,2,2,2,2,2
107,subject_000207,user_0042,2,1,2,2,2,2,2,3,2,2,2,3
108,subject_000208,user_0042,1,1,2,2,2,2,2,2,2,2,2,2
109,subject_000211,user_0042,3,1,2,2,2,2,2,2,2,2,2,2
110,subject_004058,user_0042,2,1,1,1,1,1,1,1,1,1,1,1
113,subject_000224,user_0042,3,3,1,1,1,1,1,1,1,1,1,1
115,subject_000228,user_0042,2,1,2,2,2,0,2,2,2,2,2,2
116,subject_004059,,2,1,2,2,0,0,0,0,0,0,2,2
118,subject_000232,user_0042,1,1,1,1,1,1,1,1,1,1,1,1
119,subject_000234,user_0042,1,1,1,1,1,1,1,1,1,1,1,1
120,subject_004060,user_0042,2,2,1,1,1,1,1,1,1,1,1,1
121,subject_000237,user_0042,2,1,1,1,1,1,2,1,1,2,1,2
122,subject_004061,user_0042,2,1,1,1,1,1,1,1,1,1,1,1
123,subject_004062,user_0042,2,2,2,2,2,0,2,2,2,2,2,2
124,subject_000240,,2,2,2,2,2,2,2,2,2,2,3,2
125,subject_000244,user_0042,1,1,1,1,1,1,1,1,1,1,1,1
126,subject_000245,user_0042,2,1,1,1,1,1,1,1,1,1,1,1
127,subject_000251,user_0042,1,1,1,1,1,0,1,1,1,1,1,1
128,subject_000252,user_0042,2,1,1,1,1,1,1,1,1,2,1,1
129,subject_000257,,1,1,1,1,1,1,1,1,1,1,1,1
130,subject_000259,user_0042,2,1,1,2,2,2,2,3,3,2,1,2
131,subject_000262,,2,1,2,2,2,2,2,2,2,2,2,2
132,subject_004063,user_0042,2,1,1,1,1,1,1,1,1,1,1,1
133,subject_000266,user_0042,1,1,1,1,1,1,1,1,1,1,2,1
134,subject_000273,,1,2,2,2,0,0,2,2,0,0,2,2
135,subject_000278,user_0042,1,1,1,1,1,1,1,1,1,1,1,1
136,subject_004064,user_0042,2,1,1,1,1,1,1,1,1,1,1,1
138,subject_000291,user_0042,2,2,2,3,2,2,2,2,2,2,2,2
140,subject_004065,user_0042,2,1,1,1,2,2,2,2,0,0,2,2
143,subject_000297,user_0042,1,1,2,2,2,2,2,2,2,2,2,2
144,subject_000299,user_0042,1,1,1,1,1,1,1,1,1,1,1,1
145,subject_000300,,2,2,1,1,1,1,2,2,2,2,2,2
146,subject_000301,user_0042,0,1,1,1,1,1,1,1,0,0,1,1
147,subject_004066,,2,2,2,2,2,2,2,2,2,2,2,2
148,subject_000305,,2,1,1,2,2,2,1,1,1,2,1,1
150,subject_000307,,1,1,2,2,2,2,2,2,2,2,2,2
151,subject_000308,,2,1,1,1,1,1,1,1,1,1,1,1
152,subject_000311,,1,2,2,2,2,2,2,2,2,2,2,2
153,subject_000315,,1,1,2,2,2,2,2,2,2,2,2,2
155,subject_000318,,2,2,1,1,1,1,1,1,1,1,1,1
156,subject_004067,user_0042,1,1,1,1,1,0,0,0,0,0,1,1
157,subject_003851,user_0042,2,2,3,0,0,0,0,0,0,0,0,0
158,subject_000331,,2,1,2,2,2,2,2,2,2,2,2,2
159,subject_000332,user_0042,2,1,2,2,0,0,2,2,0,0,0,0
160,subject_000333,,1,1,1,1,1,2,1,1,1,1,1,1
161,subject_000334,,2,2,1,1,0,0,1,1,0,0,0,0
162,subject_000335,user_0042,1,2,2,2,2,0,2,2,2,2,2,2
165,subject_000336,,2,2,2,2,2,2,2,2,2,2,2,2
167,subject_000337,,2,1,2,2,2,2,2,2,2,2,1,2
168,subject_000340,,2,1,1,1,1,1,1,1,1,1,1,1
169,subject_000341,user_0042,2,1,2,2,2,0,0,0,2,2,2,2
170,subject_004068,,2,2,2,2,2,2,2,2,2,2,2,2
171,subject_004069,,2,1,1,1,1,1,1,2,1,2,1,2
172,subject_000344,,2,1,1,1,1,1,1,1,2,1,1,2
174,subject_004070,,1,1,1,1,1,1,1,1,1,1,1,1
175,subject_000349,,2,2,2,2,2,0,0,0,0,0,2,2
176,subject_004071,user_0042,1,1,1,1,1,0,0,0,1,1,0,0
178,subject_000355,,2,2,1,1,1,1,1,1,1,1,2,1
180,subject_003852,,3,2,2,2,2,2,2,2,2,2,2,2
181,subject_000365,,2,2,2,2,2,2,2,2,2,2,2,2
182,subject_000366,,1,2,2,2,2,2,2,2,0,0,2,2
183,subject_004072,,2,1,1,1,1,1,1,1,1,2,1,1
185,subject_000369,,1,1,2,1,1,1,1,1,1,1,1,1
186,subject_000378,,2,1,1,1,1,1,1,1,1,1,1,1
187,subject_000379,,2,2,1,1,1,2,1,1,2,2,2,2
191,subject_000392,,2,1,2,2,2,2,2,2,2,2,2,2
192,subject_000393,user_0066,1,1,1,1,2,0,2,2,1,1,2,2
193,subject_003853,,3,2,2,2,2,2,2,2,2,2,2,2
194,subject_000397,,3,2,2,2,2,2,1,1,2,1,1,1
195,subject_000398,user_0042,2,1,2,0,0,0,0,0,0,0,0,0
196,subject_003854,user_0051,2,1,1,1,1,1,1,1,3,3,1,3
197,subject_000402,user_0051,1,1,1,1,1,1,1,1,1,1,1,1
199,subject_000410,,2,3,3,3,3,3,3,2,3,3,3,3
200,subject_000411,user_0064,3,3,3,3,3,3,3,3,3,3,3,3
201,subject_004073,,2,1,2,2,2,0,0,0,2,2,2,2
204,subject_000416,user_0051,1,1,1,2,2,1,2,2,1,1,1,2
206,subject_000421,,1,1,2,2,2,2,2,2,0,0,0,0
208,subject_000432,user_0051,1,1,1,1,3,2,3,3,2,3,2,2
209,subject_000433,user_0051,1,1,1,1,1,1,1,1,1,1,1,1
210,subject_000434,user_0051,1,1,1,1,1,1,1,1,1,1,1,1
211,subject_000441,,1,2,1,0,0,0,0,0,0,0,0,0
212,subject_000442,,2,3,2,2,2,2,2,2,2,2,2,2
214,subject_004074,,1,1,2,2,2,0,2,2,2,2,2,2
215,subject_004075,,1,2,2,0,0,0,2,2,2,2,0,0
217,subject_000444,user_0051,2,1,1,1,1,1,1,1,1,1,1,1
219,subject_000448,user_0051,2,1,2,2,2,2,1,1,1,1,1,1
220,subject_000449,user_0051,2,2,1,1,1,1,2,2,2,2,2,3
222,subject_004076,user_0051,1,2,2,2,2,2,2,2,2,2,2,2
223,subject_000450,user_0051,1,2,1,1,1,1,1,1,1,1,1,1
225,subject_000451,user_0051,1,1,1,1,1,1,1,1,1,1,1,1
226,subject_004077,,2,2,2,2,2,2,0,0,0,0,0,0
227,subject_004078,user_0051,1,1,1,1,1,1,1,1,1,1,1,1
228,subject_000457,user_0051,1,1,1,1,1,1,1,1,1,1,1,1
229,subject_000458,user_0051,1,1,1,1,1,1,1,1,1,2,1,1
230,subject_000460,,1,1,1,0,0,0,0,0,0,0,0,0
233,subject_000466,user_0051,1,1,1,1,1,1,1,1,1,1,1,1
235,subject_000468,,1,2,2,2,2,2,0,0,0,0,2,2
237,subject_000475,user_0051,1,1,1,1,1,1,1,1,1,1,1,1
238,subject_000476,user_0051,1,1,2,2,2,2,2,2,2,2,2,2
239,subject_003856,user_0051,1,1,2,2,2,2,2,2,2,3,3,2
240,subject_004079,,1,1,1,1,1,1,1,1,0,0,1,1
241,subject_000479,user_0051,1,1,2,2,2,2,2,1,1,1,1,1
246,subject_000487,user_0050,1,1,1,1,1,1,1,1,1,1,1,1
247,subject_000488,user_0050,1,1,1,1,1,1,1,1,1,1,0,0
248,subject_004080,,2,2,1,1,0,0,0,0,0,0,0,0
249,subject_004081,user_0050,1,1,1,1,1,1,1,1,1,1,1,1
250,subject_004082,,2,1,1,1,1,0,0,0,0,0,0,0
251,subject_004083,user_0050,1,1,1,1,1,1,1,1,1,1,1,1
252,subject_000493,user_0050,1,1,2,2,2,2,0,0,0,0,0,0
253,subject_000495,user_0050,1,1,1,1,1,1,1,1,1,1,1,1
254,subject_004084,,2,2,2,2,2,2,0,0,0,0,0,0
255,subject_004085,user_0050,1,1,1,1,1,1,1,1,2,2,2,2
256,subject_000497,user_0050,1,1,2,2,2,2,2,2,2,2,2,2
257,subject_004086,user_0050,1,1,2,2,2,0,2,2,2,2,2,2
259,subject_000506,user_0042,2,2,2,2,0,0,2,2,2,2,0,0
260,subject_000507,user_0050,1,1,1,1,0,0,0,0,0,0,0,0
262,subject_004087,user_0050,1,1,1,1,1,1,2,2,2,2,2,2
264,subject_004088,user_0050,1,1,1,1,1,1,1,1,0,0,0,0
266,subject_004089,user_0050,1,1,1,1,1,1,1,1,1,1,1,1
267,subject_000520,user_0050,2,1,1,1,1,1,1,1,1,1,1,1
269,subject_000521,user_0050,1,1,1,1,1,1,1,1,1,1,1,1
270,subject_000523,user_0050,1,1,1,1,1,1,0,1,1,1,1,1
271,subject_000525,user_0050,2,1,1,1,1,1,1,1,1,1,1,1
272,subject_000526,user_0050,2,1,1,1,1,1,1,1,1,2,1,1
274,subject_000535,user_0050,1,1,1,1,1,0,1,1,1,3,1,1
275,subject_000537,user_0050,1,1,2,2,2,0,2,2,0,0,0,0
277,subject_000540,user_0050,1,1,1,1,1,1,0,1,1,1,1,1
279,subject_000546,user_0050,1,1,1,1,1,1,1,1,2,3,3,2
280,subject_000554,user_0050,2,1,0,1,1,0,0,0,0,0,0,0
282,subject_000558,user_0050,1,1,1,1,1,1,1,1,1,1,1,1
283,subject_004090,user_0050,1,1,1,1,1,0,1,1,1,1,1,1
284,subject_000559,user_0050,1,1,1,1,1,1,1,1,1,1,1,1
285,subject_000560,user_0050,1,1,1,1,1,2,2,3,1,3,1,2
286,subject_000561,user_0050,1,1,1,1,1,1,1,1,1,1,1,1
287,subject_000562,user_0050,1,1,1,1,1,1,1,1,1,1,1,1
288,subject_000564,,2,2,2,2,2,2,2,2,2,2,2,2
290,subject_000568,user_0066,1,1,1,1,1,2,1,1,1,1,1,1
294,subject_004091,,1,1,2,2,2,2,2,2,2,2,2,2
296,subject_000574,,2,2,2,2,2,3,2,2,2,2,2,2
298,subject_000578,,2,2,2,1,1,2,2,2,2,2,2,2
299,subject_000583,,2,2,2,2,3,3,2,3,3,3,3,3
305,subject_000590,,1,1,2,2,2,2,3,3,2,3,3,3
307,subject_004092,,2,1,1,1,1,1,2,2,2,2,1,2
308,subject_000596,,2,1,1,1,1,1,1,1,2,1,1,1
310,subject_000598,,3,3,1,2,1,2,2,2,1,2,2,2
313,subject_003860,,2,1,1,1,1,1,3,3,2,2,1,1
314,subject_003861,,3,3,1,1,2,1,1,2,3,3,2,2
320,subject_000619,,1,1,1,1,1,1,1,2,1,3,2,3
321,subject_000630,,2,1,1,1,2,2,2,2,2,2,2,2
322,subject_000631,,2,2,2,2,2,2,2,2,2,2,2,2
323,subject_003862,,3,2,2,1,2,2,3,3,3,3,3,3
324,subject_000634,,1,2,2,2,2,2,2,2,2,2,2,2
325,subject_000635,,1,2,2,2,2,2,2,2,2,2,2,2
327,subject_000640,,2,2,2,2,2,2,2,2,2,2,2,2
329,subject_000641,,2,1,2,2,2,2,2,2,0,0,0,0
330,subject_003863,,3,2,1,1,1,1,1,1,1,1,1,1
332,subject_003864,,2,1,2,2,2,2,3,3,3,3,2,3
333,subject_000651,,1,2,2,2,2,2,2,2,2,2,2,2
334,subject_000659,,1,1,2,2,2,0,2,2,2,2,2,2
336,subject_000663,,1,2,2,2,2,0,2,2,2,2,2,2
337,subject_000666,,1,1,1,1,1,1,1,1,0,0,1,1
338,subject_004093,,1,1,2,2,2,2,2,2,0,0,2,0
343,subject_000682,,1,2,1,1,1,1,1,1,1,1,1,1
344,subject_000683,,3,1,2,2,2,2,1,1,2,2,1,2
345,subject_000684,,1,1,2,2,2,2,2,2,2,2,2,2
347,subject_003865,,1,2,1,1,1,1,2,2,1,1,1,3
348,subject_000691,,1,3,1,1,1,1,1,1,1,1,1,1
350,subject_003866,,2,1,1,1,2,2,2,2,2,3,3,3
351,subject_000695,,1,1,1,1,1,1,1,1,1,1,2,1
352,subject_000699,,1,2,2,2,2,2,2,2,2,2,2,2
353,subject_000704,user_0064,2,1,2,2,2,2,2,2,2,2,2,2
354,subject_000705,,1,1,2,2,2,2,2,2,2,2,2,2
355,subject_000706,,3,2,2,3,3,2,0,0,2,2,2,2
358,subject_000714,,1,2,2,2,2,2,2,2,2,2,2,2
359,subject_000716,,2,1,1,1,1,1,1,1,1,2,1,1
361,subject_000720,,3,2,2,2,2,2,2,2,2,2,2,2
366,subject_000733,,1,1,1,1,1,1,0,0,1,0,0,0
367,subject_003867,,1,2,2,3,0,0,2,3,3,3,3,3
368,subject_000737,,1,2,1,1,1,1,1,2,2,2,2,2
369,subject_003868,,2,1,1,2,3,0,0,0,0,0,0,0
370,subject_003869,,1,1,1,1,3,1,2,3,3,3,0,0
371,subject_000741,,3,2,2,1,2,0,2,2,2,2,2,2
373,subject_003870,,2,2,1,3,0,0,2,2,2,2,0,0
375,subject_000750,user_0042,2,2,2,2,2,0,2,2,0,0,0,0
376,subject_000751,,1,2,1,1,1,1,1,1,2,2,1,2
378,subject_000754,,2,2,2,2,2,2,0,0,0,0,2,2
380,subject_000758,user_0051,1,1,1,1,1,1,1,1,1,3,1,1
383,subject_000766,user_0051,1,2,2,2,2,2,1,1,1,1,1,1
384,subject_000769,user_0051,1,2,1,1,1,1,1,1,1,1,1,1
388,subject_000778,user_0051,2,1,2,1,1,1,1,1,1,1,1,1
389,subject_000781,user_0051,1,1,1,1,1,1,1,1,1,1,2,1
393,subject_003872,user_0051,1,1,2,2,2,2,3,1,3,2,3,2
396,subject_000798,user_0051,1,1,1,1,1,1,1,1,1,1,1,1
398,subject_003873,user_0051,2,2,1,1,2,2,2,2,2,3,3,2
399,subject_000801,user_0051,1,1,1,1,1,1,2,1,1,1,1,1
401,subject_000805,user_0051,2,1,1,1,1,1,3,2,2,2,3,2
402,subject_003874,user_0051,1,1,1,2,2,2,3,3,3,3,3,3
407,subject_000826,user_0051,1,1,1,1,1,1,1,1,1,1,1,1
411,subject_000833,user_0051,2,2,2,2,2,2,2,2,2,2,2,2
412,subject_000834,user_0051,2,1,1,1,1,1,1,1,1,1,1,1
415,subject_000847,user_0051,2,2,1,1,1,1,2,2,1,1,2,1
419,subject_004094,user_0051,1,1,2,1,1,1,1,2,2,1,1,1
420,subject_000857,user_0051,1,2,1,1,1,1,2,3,2,3,1,2
421,subject_004095,user_0051,1,1,1,1,1,1,1,1,2,2,2,1
422,subject_000860,,1,1,1,1,1,1,1,1,1,1,1,1
423,subject_004096,,2,1,1,0,0,0,1,1,0,0,0,0
426,subject_003875,,3,2,1,1,0,0,1,1,0,0,0,0
427,subject_004097,,0,0,0,0,0,0,0,0,0,0,0,0
428,subject_004098,,2,2,2,2,2,0,0,0,0,0,0,0
430,subject_000884,,0,0,0,0,0,0,0,0,0,0,0,0
431,subject_004099,,2,2,2,2,2,2,2,2,2,2,0,0
434,subject_004100,,1,1,1,1,1,1,0,0,0,0,0,0
435,subject_004101,,1,1,2,2,2,2,2,2,2,2,2,2
436,subject_000892,,2,2,1,1,0,0,0,0,0,0,0,0
437,subject_000893,,1,1,1,1,1,1,1,1,1,1,1,1
443,subject_000904,,1,1,1,1,1,1,1,1,1,1,1,1
445,subject_000910,,2,2,2,2,0,0,0,0,0,0,0,0
447,subject_004102,,1,1,1,1,1,1,1,1,1,1,1,1
448,subject_000915,,2,2,1,0,0,0,0,0,0,0,0,0
449,subject_000917,,1,1,2,2,2,2,2,2,2,2,2,2
452,subject_000922,,1,2,1,1,1,1,1,1,1,1,1,1
453,subject_004103,,2,2,2,2,2,0,2,2,0,0,0,0
455,subject_000924,,2,0,0,0,0,0,0,0,0,0,0,0
457,subject_000928,,0,0,0,0,0,0,0,0,0,0,0,0
458,subject_000932,,2,2,2,2,0,0,0,0,0,0,0,0
459,subject_000933,,1,1,2,2,2,0,2,2,2,2,2,2
460,subject_000934,,1,1,2,2,2,2,2,2,2,2,2,2
462,subject_004104,user_0042,2,2,2,2,2,0,0,0,0,0,0,0
463,subject_000937,,1,1,2,2,2,2,2,2,2,2,2,2
464,subject_000938,,1,0,0,0,0,0,0,0,0,0,0,0
465,subject_000942,user_0066,1,1,1,1,1,1,1,1,1,1,2,2
468,subject_004105,,2,0,0,0,0,0,0,0,0,0,0,0
470,subject_000951,,1,1,1,1,1,1,1,1,1,1,1,1
473,subject_004106,,1,1,1,1,1,1,1,1,1,1,1,1
474,subject_003876,,2,2,2,2,3,0,2,2,2,2,2,2
476,subject_004107,,1,1,2,2,2,2,2,2,2,2,2,2
477,subject_000963,user_0060,2,2,2,2,2,0,0,0,0,0,0,0
480,subject_000970,user_0060,2,2,2,2,2,2,2,2,3,2,2,3
481,subject_000971,user_0060,2,2,2,2,2,0,0,0,0,0,0,0
483,subject_000973,user_0060,2,2,2,2,2,2,2,2,2,2,2,2
486,subject_000982,user_0060,2,2,2,2,2,0,2,2,2,2,2,2
489,subject_000987,user_0060,2,2,2,2,2,0,2,2,2,2,2,2
491,subject_000989,user_0060,1,2,2,2,2,2,2,2,2,2,2,2
492,subject_000990,user_0060,1,2,1,1,1,1,1,1,1,1,1,1
493,subject_000991,user_0060,2,2,2,2,2,0,2,2,2,2,2,2
494,subject_000992,user_0060,2,2,2,2,2,2,2,2,2,2,2,2
496,subject_000995,user_0060,2,2,2,0,0,0,0,0,0,0,0,0
497,subject_000996,user_0060,2,2,2,2,2,2,2,2,2,2,2,2
499,subject_001008,user_0060,1,1,2,2,2,2,2,2,2,2,2,2
504,subject_003877,user_0066,1,1,1,1,2,2,2,3,2,2,2,2
530,subject_001064,,1,1,1,1,1,1,1,1,1,1,1,1
531,subject_003878,,1,1,2,2,2,2,0,0,2,3,2,2
532,subject_001066,,2,1,2,2,2,2,0,0,0,0,0,0
533,subject_004108,,1,2,2,2,2,2,0,0,0,0,2,2
534,subject_001067,,1,2,3,2,2,3,0,0,0,0,0,0
535,subject_001072,,2,2,2,2,2,2,2,2,2,2,2,2
536,subject_001075,,2,1,2,2,2,2,0,0,2,2,0,0
537,subject_001080,,1,1,1,1,1,1,1,1,1,1,1,1
539,subject_001085,,1,1,1,1,2,0,3,3,1,1,1,1
540,subject_004109,,2,1,1,1,1,0,1,1,2,2,2,2
541,subject_001095,,1,1,2,2,2,2,2,2,2,2,2,2
544,subject_003879,,1,1,1,1,1,1,3,3,2,2,3,3
545,subject_001106,,2,2,2,2,2,2,2,2,2,2,2,2
547,subject_003880,,2,1,2,2,2,0,3,0,2,2,2,2
549,subject_003881,,1,1,1,2,3,3,1,2,3,3,3,2
550,subject_001114,,2,1,1,1,1,1,0,0,0,0,0,0
555,subject_001124,,1,2,1,1,1,1,2,2,2,2,2,2
556,subject_001125,,2,1,2,2,2,0,2,2,2,2,2,2
557,subject_001130,,3,2,1,1,0,0,0,0,0,0,0,0
558,subject_001131,,1,2,2,2,0,0,0,0,0,0,0,0
559,subject_001132,user_0066,1,1,2,2,1,1,2,2,1,1,2,2
560,subject_001133,,1,2,2,3,2,2,2,2,2,2,2,2
564,subject_001140,,2,1,2,2,2,2,2,2,2,2,2,2
566,subject_004110,,1,1,2,2,2,2,2,2,2,2,2,2
567,subject_003882,,3,3,3,3,3,3,3,3,3,3,3,3
569,subject_004111,,1,1,2,2,2,2,2,2,2,2,2,2
570,subject_001155,,1,2,2,2,2,2,2,2,2,2,2,2
574,subject_001165,user_0042,2,2,1,1,1,0,2,2,0,0,1,1
576,subject_001168,,1,1,1,1,2,2,2,2,1,1,1,1
577,subject_001169,,1,1,2,2,2,2,0,0,2,2,2,2
581,subject_001175,user_0042,3,1,2,2,0,0,0,0,0,0,0,0
583,subject_003883,,1,1,1,1,3,2,2,1,1,1,1,1
584,subject_001179,,1,1,2,3,3,2,0,0,0,0,0,0
585,subject_001180,user_0042,1,1,1,1,1,2,1,1,1,1,1,1
589,subject_004112,user_0042,1,2,1,1,2,2,2,0,0,0,0,0
590,subject_004113,user_0042,1,1,1,1,1,1,1,1,1,1,1,1
591,subject_004114,user_0042,1,1,1,1,1,1,1,1,1,1,1,1
592,subject_004115,user_0042,1,1,1,1,1,1,1,1,1,1,1,1
593,subject_004116,user_0042,1,1,1,1,1,1,1,1,0,1,1,1
595,subject_001193,user_0042,2,2,2,2,2,2,2,2,2,3,2,2
597,subject_001197,user_0042,1,1,1,1,1,1,0,0,0,0,0,0
598,subject_001201,user_0042,1,1,1,1,1,1,3,3,3,3,1,1
600,subject_001204,user_0042,1,1,1,1,1,0,1,2,1,1,1,1
602,subject_004117,user_0042,1,1,1,1,1,1,1,1,1,1,1,1
603,subject_001209,user_0042,1,1,1,1,1,1,1,1,1,1,1,1
604,subject_001210,user_0042,2,2,1,1,1,1,1,1,1,1,1,1
605,subject_001211,user_0042,1,1,1,1,1,0,1,1,1,1,1,1
606,subject_001212,user_0042,1,1,1,1,1,1,1,1,1,1,1,1
607,subject_001219,user_0042,2,2,2,2,2,2,2,2,2,2,2,2
609,subject_001222,user_0042,1,1,1,1,1,1,1,1,1,1,1,1
612,subject_004118,,1,2,2,2,0,0,0,0,0,0,0,0
613,subject_001227,user_0042,1,1,1,1,1,0,0,0,0,0,0,0
614,subject_001230,user_0042,2,1,1,1,1,1,1,1,0,0,1,1
615,subject_001239,,3,3,2,2,2,2,2,2,2,2,2,2
616,subject_003884,user_0042,2,1,1,1,1,1,2,2,3,3,1,2
617,subject_004119,user_0042,2,1,1,1,1,1,1,1,1,1,1,1
618,subject_001245,,2,3,2,0,0,0,0,0,0,0,0,0
621,subject_003885,user_0042,1,2,1,1,1,0,2,2,0,0,3,0
622,subject_001251,user_0042,1,1,1,1,1,1,1,1,1,1,1,1
623,subject_001252,,2,2,2,3,0,0,0,0,0,0,0,0
624,subject_003886,user_0042,1,3,3,3,3,3,3,3,3,3,3,3
625,subject_004120,,0,0,0,0,0,0,0,0,0,0,0,0
626,subject_004121,user_0042,2,1,1,1,1,1,0,0,0,2,0,0
627,subject_004122,user_0042,2,1,1,1,1,1,1,1,1,2,2,1
629,subject_001262,user_0042,2,1,2,2,3,2,0,0,0,0,0,0
630,subject_001267,user_0042,1,1,1,1,2,1,1,1,1,1,1,1
631,subject_004123,,1,1,1,1,2,0,0,0,2,2,0,0
632,subject_003887,user_0066,3,3,2,2,2,2,3,3,2,3,0,0
633,subject_003888,user_0042,1,1,1,1,1,0,3,3,2,2,1,3
634,subject_003889,,2,2,2,2,3,3,2,2,3,3,2,2
637,subject_001284,,3,2,2,1,1,1,1,2,2,2,2,2
638,subject_001285,,1,1,1,1,1,1,0,0,2,2,2,2
639,subject_001289,,2,2,2,2,2,2,2,2,2,2,2,2
641,subject_001293,,2,2,2,2,2,2,2,2,2,2,2,2
644,subject_001296,,2,2,2,2,2,2,2,2,2,2,2,2
645,subject_001297,,0,0,0,0,0,0,0,0,0,0,0,0
646,subject_003891,,1,1,2,2,2,2,2,2,2,3,2,3
647,subject_003892,user_0042,3,2,1,1,2,0,2,2,2,2,0,0
648,subject_003893,,3,2,2,2,0,0,0,0,0,0,0,0
649,subject_001304,,2,1,1,1,1,1,1,1,1,1,1,1
651,subject_003895,,2,2,1,2,1,1,2,1,2,3,3,2
652,subject_004124,,1,1,2,2,2,2,0,0,0,0,0,0
653,subject_001305,,2,2,2,2,2,2,1,1,2,2,2,2
654,subject_004125,,2,1,2,2,0,0,0,0,2,2,0,0
655,subject_001307,,3,3,2,2,0,0,2,2,0,0,2,2
658,subject_004126,,2,1,2,2,2,2,2,2,2,2,2,2
659,subject_001314,,1,1,2,2,2,0,2,2,2,2,2,2
660,subject_001316,,2,2,2,2,2,2,0,0,2,2,0,0
661,subject_001318,,2,1,1,1,1,1,1,1,1,2,2,1
662,subject_001322,,1,2,2,2,2,2,2,2,2,2,2,2
663,subject_003896,user_0042,3,2,3,3,3,3,0,0,0,0,0,0
664,subject_001327,,1,2,2,2,2,2,2,2,2,2,2,2
665,subject_003897,,3,3,2,2,2,2,2,2,2,2,2,2
666,subject_001336,,2,2,2,2,0,0,0,0,0,0,0,0
667,subject_001338,,1,1,2,2,2,2,0,0,0,0,0,0
668,subject_004127,,2,2,2,2,2,2,1,1,2,2,2,2
670,subject_001340,,2,2,2,2,2,2,0,0,0,0,0,0
671,subject_004128,,2,2,1,0,0,0,0,0,0,0,0,0
672,subject_001341,,3,3,3,2,2,3,0,0,0,0,0,0
676,subject_003899,,3,2,1,1,1,0,0,0,0,0,1,1
677,subject_001354,,2,1,2,2,2,2,2,2,2,2,2,2
678,subject_004129,,2,2,2,2,0,0,0,0,0,0,0,0
679,subject_001362,,2,1,2,2,2,2,2,2,2,2,2,2
680,subject_001366,,2,1,2,2,2,2,2,2,2,2,2,2
685,subject_001376,,2,2,2,2,2,2,0,0,0,0,0,0
686,subject_001377,,2,1,1,1,1,2,2,2,2,2,2,2
688,subject_001378,,2,2,1,1,1,0,0,0,1,1,0,0
689,subject_004130,,1,1,1,1,2,2,2,2,2,2,2,2
690,subject_001384,,3,3,1,1,1,1,2,2,2,2,2,2
692,subject_001391,user_0051,1,1,1,1,1,1,1,1,1,1,1,1
693,subject_001392,,2,3,1,1,0,0,0,0,0,0,0,0
695,subject_001399,user_0051,1,1,1,1,1,2,2,2,2,2,2,2
697,subject_001408,,2,2,2,2,2,0,2,2,2,2,0,0
699,subject_001412,user_0051,1,1,1,1,1,1,2,2,1,2,2,2
701,subject_001416,,3,3,1,1,1,0,1,1,0,0,1,1
703,subject_001421,user_0051,1,2,2,2,2,2,2,2,2,2,2,2
704,subject_001423,,2,3,2,0,0,0,0,0,2,2,0,0
705,subject_001433,,2,2,1,0,0,0,0,0,0,0,0,0
706,subject_001434,user_0051,1,1,1,1,1,1,1,1,1,2,1,1
707,subject_001435,user_0066,2,1,2,2,2,0,2,2,2,2,2,2
708,subject_003900,user_0066,3,1,2,2,0,0,0,0,0,0,0,0
709,subject_001437,user_0051,1,1,1,1,1,1,1,1,1,1,1,1
711,subject_004131,user_0051,1,1,1,1,1,1,1,1,1,1,1,1
716,subject_001455,user_0066,2,1,2,2,2,2,0,0,0,0,2,2
719,subject_004132,user_0051,2,1,1,1,1,1,1,1,1,1,1,1
720,subject_001459,user_0051,0,1,1,1,1,1,1,1,2,2,2,2
721,subject_001462,user_0051,1,2,1,1,1,1,1,1,1,1,1,2
722,subject_001464,user_0051,1,1,2,2,2,2,2,2,2,2,2,2
723,subject_001465,user_0066,1,1,2,2,2,2,0,0,0,0,0,0
724,subject_004133,user_0051,2,1,1,2,2,2,2,2,2,2,2,2
725,subject_001474,user_0066,1,1,1,1,1,1,0,0,0,0,0,0
728,subject_004134,user_0051,2,2,1,1,1,1,1,1,1,1,1,1
729,subject_004135,user_0051,1,1,1,1,1,1,1,2,1,2,1,1
730,subject_001487,user_0051,1,1,1,1,1,2,1,1,2,2,1,1
732,subject_001492,user_0066,2,1,1,1,1,1,2,2,1,2,1,1
735,subject_001497,user_0066,2,1,1,1,2,0,1,0,1,1,1,2
737,subject_001502,user_0051,1,2,1,1,1,1,1,1,1,1,1,1
738,subject_001503,user_0066,2,1,2,2,0,0,0,0,0,0,0,0
740,subject_001507,user_0051,1,1,1,2,2,2,2,2,2,2,2,2
741,subject_001508,user_0051,1,1,1,1,1,1,1,1,1,1,1,1
742,subject_004136,user_0051,1,1,1,1,1,1,2,2,1,1,1,2
743,subject_001511,user_0066,2,1,2,2,0,0,0,0,0,0,0,0
744,subject_001512,user_0051,1,1,2,2,2,2,2,2,1,1,2,2
745,subject_001516,,1,1,1,1,1,1,1,1,1,2,2,3
746,subject_003901,,1,2,2,2,3,3,3,3,3,3,3,3
747,subject_001518,,2,1,1,1,1,1,1,1,1,1,1,1
748,subject_001520,user_0066,2,1,1,2,1,1,0,0,0,0,0,0
749,subject_001524,user_0066,2,1,2,2,2,2,0,0,2,2,2,2
750,subject_001528,,1,1,1,1,1,1,1,1,1,1,1,1
752,subject_001541,,3,2,2,2,2,2,2,2,2,2,2,2
753,subject_001542,,1,1,2,2,2,2,1,2,2,0,0,0
755,subject_004137,user_0066,2,1,1,1,1,2,0,0,0,0,0,0
756,subject_001546,,1,1,1,1,0,0,1,1,2,2,0,0
757,subject_001548,user_0066,2,1,1,1,0,0,0,0,0,0,0,0
758,subject_004138,,2,1,2,2,2,2,1,1,2,2,2,2
759,subject_001553,,1,1,2,2,2,2,2,2,2,2,2,2
760,subject_001556,,1,2,2,2,2,2,2,2,2,2,2,2
761,subject_001561,,2,2,1,1,1,1,1,1,3,0,0,0
762,subject_001564,user_0066,2,1,1,1,1,1,0,0,0,0,0,0
763,subject_001566,,2,2,2,2,2,2,2,2,2,2,2,2
764,subject_001568,,2,2,3,2,3,2,1,1,1,1,1,1
765,subject_001571,,3,2,2,2,2,2,2,2,2,2,2,2
766,subject_001572,,3,2,1,1,1,1,2,2,2,2,1,1
767,subject_001573,user_0066,2,1,2,2,2,2,2,2,2,2,0,0
769,subject_001577,,2,1,1,1,1,1,1,1,1,1,1,1
770,subject_001578,,1,1,2,2,2,2,2,2,2,2,2,2
771,subject_003902,,3,3,3,3,3,3,3,3,3,3,3,3
772,subject_001580,,1,2,2,2,2,2,2,2,2,2,2,2
773,subject_001586,,2,3,3,3,3,3,3,3,3,3,3,3
774,subject_003903,,1,2,2,2,2,2,2,2,3,3,2,2
775,subject_001587,,2,1,3,3,3,3,3,3,3,3,3,3
776,subject_001590,,1,1,2,3,3,3,3,3,3,3,0,0
777,subject_001591,user_0066,1,1,1,2,2,1,1,2,1,1,0,0
778,subject_001594,,3,2,2,2,2,2,2,2,3,3,2,2
779,subject_001596,,1,3,2,2,1,0,2,2,2,2,2,2
780,subject_001600,user_0066,2,2,2,2,2,2,2,2,0,0,2,2
781,subject_001602,,2,2,1,1,1,1,2,2,1,2,1,2
782,subject_001604,,1,1,2,2,2,2,2,2,2,2,2,2
783,subject_001606,,3,1,2,2,2,2,1,1,1,1,2,2
784,subject_001607,,2,1,1,1,1,1,1,1,2,2,2,2
785,subject_001608,,1,1,1,1,1,1,1,1,1,1,1,1
786,subject_001610,user_0066,2,1,2,2,2,0,2,2,0,0,2,2
787,subject_001613,,3,1,3,3,3,3,3,3,3,3,3,3
788,subject_004139,,1,1,2,2,2,0,0,0,0,0,0,0
789,subject_001616,,1,1,2,2,2,2,2,2,2,2,2,2
790,subject_001619,,3,1,2,2,2,0,0,0,2,2,2,2
791,subject_001620,,1,1,2,2,0,0,0,0,0,0,0,0
792,subject_004140,,0,0,0,0,0,0,0,0,0,0,0,0
793,subject_001623,,2,2,1,1,1,0,1,1,0,0,1,1
795,subject_001628,,1,0,0,0,0,0,0,0,0,0,0,0
797,subject_001634,,1,1,2,2,2,2,2,2,2,2,2,2
798,subject_001636,,1,1,1,1,1,1,1,1,1,1,1,1
799,subject_001639,,1,2,2,2,2,2,2,2,2,2,2,2
800,subject_001640,,0,0,0,0,0,0,0,0,0,0,0,0
801,subject_001643,,1,2,2,2,2,2,2,2,2,0,2,2
802,subject_001646,,0,0,0,0,0,0,0,0,0,0,0,0
803,subject_001650,,1,2,2,2,2,0,2,2,2,2,2,2
806,subject_004141,,1,2,1,1,1,1,1,1,1,1,1,1
807,subject_001652,,1,0,0,0,0,0,0,0,0,0,0,0
809,subject_004142,,1,2,2,2,2,2,2,2,0,0,0,0
811,subject_004143,,1,1,1,1,1,0,1,1,1,1,1,1
813,subject_001660,,1,2,2,2,2,2,2,2,2,2,2,2
814,subject_001662,,1,0,0,0,0,0,0,0,0,0,0,0
816,subject_001663,,1,2,2,2,0,0,0,0,2,2,2,2
817,subject_001666,,2,1,1,1,3,3,0,0,0,0,0,0
818,subject_001668,,2,0,0,0,0,0,0,0,0,0,0,0
819,subject_004144,,1,2,2,2,2,0,0,0,2,2,2,2
820,subject_001677,,2,1,2,2,2,2,2,2,2,2,2,2
821,subject_001681,,1,2,2,2,2,2,0,0,2,2,2,2
822,subject_001683,,2,0,0,0,0,0,0,0,0,0,0,0
826,subject_001690,,1,1,2,2,2,2,2,2,2,2,2,2
828,subject_001694,,1,1,2,2,2,2,2,2,2,2,2,2
829,subject_001696,,1,1,1,1,1,1,1,1,1,1,1,1
831,subject_001704,,3,3,1,1,1,1,1,1,1,1,1,1
833,subject_001706,,1,1,1,1,1,1,1,1,1,1,1,1
835,subject_004145,,1,1,2,2,2,2,2,2,2,2,2,2
841,subject_001738,,2,2,1,1,1,1,1,1,1,1,1,1
843,subject_001743,,1,1,1,1,1,1,0,0,0,0,0,0
844,subject_001745,,1,1,2,2,2,0,0,0,2,2,0,0
845,subject_003904,,2,1,2,2,2,2,2,2,2,2,3,3
846,subject_003905,,1,1,1,1,0,0,1,1,1,1,1,1
849,subject_001758,,2,1,1,1,1,1,1,1,1,1,1,1
850,subject_001759,,2,2,1,1,1,1,2,2,2,2,2,2
851,subject_001761,,2,1,2,2,2,2,2,2,2,1,2,2
852,subject_004146,,1,2,1,1,1,1,1,1,1,1,1,1
853,subject_001766,,2,1,1,1,1,1,1,1,1,1,1,1
854,subject_001770,,1,1,1,2,3,3,3,3,3,3,3,3
855,subject_001771,,2,2,1,1,2,2,1,1,1,1,1,1
856,subject_001773,,2,2,2,2,0,0,0,0,2,2,0,0
857,subject_001774,,2,1,1,1,1,1,2,2,1,1,1,1
861,subject_001788,,2,1,1,1,1,2,2,2,2,2,1,2
863,subject_001795,,1,2,1,1,1,2,1,2,1,1,1,2
864,subject_001796,,2,1,1,1,1,1,1,1,1,1,1,1
865,subject_004147,,2,1,1,1,1,1,1,1,1,2,2,2
869,subject_001813,,2,2,1,1,1,1,1,1,1,1,1,1
870,subject_001815,,2,1,1,1,1,2,2,2,2,2,2,2
871,subject_001816,,2,1,1,1,1,1,1,1,1,1,1,1
872,subject_004148,,3,2,2,2,2,3,2,2,0,0,3,2
874,subject_001827,,3,2,2,2,2,0,2,2,2,0,2,2
875,subject_001829,,2,1,2,2,2,2,2,2,2,2,2,2
878,subject_001839,,1,3,2,2,2,2,1,1,1,1,1,1
880,subject_001848,,1,1,2,2,2,2,2,2,2,2,2,2
881,subject_001850,,1,2,2,2,2,2,2,2,2,3,2,2
882,subject_004149,,1,1,1,1,1,1,0,0,0,0,1,2
884,subject_001857,,1,1,2,2,2,2,2,2,2,2,2,2
885,subject_001858,,1,1,2,2,2,2,2,2,2,2,2,2
886,subject_001864,,2,2,2,2,2,2,2,2,2,2,2,2
887,subject_001865,,2,1,1,1,1,1,1,1,1,1,1,1
888,subject_001866,,1,3,2,2,2,2,2,2,2,2,3,2
890,subject_001872,,2,2,2,2,2,2,2,2,2,2,2,2
891,subject_001873,,1,1,2,2,2,2,2,1,2,2,2,2
893,subject_004150,,2,1,2,2,2,2,2,2,2,2,0,0
895,subject_001880,,1,2,2,2,2,2,2,2,2,2,2,2
897,subject_001890,,3,1,2,2,2,0,2,2,2,2,2,0
898,subject_001896,,1,1,2,2,2,2,2,2,2,2,2,2
900,subject_001899,,1,1,2,2,2,2,2,2,2,2,0,0
901,subject_001904,,1,2,1,1,1,1,1,1,1,1,2,1
902,subject_001905,,1,2,2,2,2,2,1,1,2,2,1,1
903,subject_001906,,1,1,2,2,2,2,2,2,2,2,2,2
904,subject_003908,,3,2,2,2,2,2,2,2,2,3,2,2
907,subject_003909,,3,2,2,2,2,2,2,2,2,2,2,3
909,subject_001914,,1,1,2,2,2,2,2,2,2,2,2,2
912,subject_003910,,3,2,2,2,2,2,2,2,2,2,2,2
915,subject_001927,,1,1,3,3,3,3,3,3,3,3,3,3
918,subject_001932,user_0064,1,1,1,1,1,2,1,1,1,1,1,1
919,subject_004151,,3,3,1,1,1,0,1,1,1,1,1,1
920,subject_001938,,1,1,1,1,0,0,3,0,2,0,2,2
921,subject_003911,,1,1,2,2,2,2,3,3,2,3,3,3
922,subject_001941,user_0051,2,1,2,2,2,2,2,2,2,2,2,2
924,subject_001949,user_0051,2,1,1,1,1,1,1,2,2,2,1,2
926,subject_001952,user_0051,1,1,2,2,2,2,2,1,2,2,2,2
927,subject_001953,user_0051,1,1,1,1,1,1,1,1,1,1,1,1
933,subject_001973,user_0051,2,2,2,2,2,2,2,2,1,1,1,3
935,subject_003912,user_0066,2,1,1,1,2,3,2,2,0,0,3,3
936,subject_001978,user_0064,1,1,2,1,1,2,1,1,2,1,1,1
944,subject_001997,user_0051,1,1,1,1,1,1,1,1,1,1,1,1
961,subject_002024,user_0051,1,1,1,1,1,2,1,1,1,1,1,1
966,subject_002035,user_0051,1,2,3,3,3,3,3,3,3,3,3,3
968,subject_002036,,2,2,1,0,0,0,0,0,0,0,0,0
971,subject_002047,user_0050,1,1,2,2,2,3,2,2,3,2,2,2
972,subject_002048,,2,2,2,0,0,0,0,0,0,0,0,0
973,subject_002053,,2,2,2,2,2,0,2,2,0,0,2,2
975,subject_002057,,3,2,2,2,2,0,2,2,0,0,0,0
976,subject_002060,user_0050,1,1,1,1,1,0,1,1,1,1,1,1
977,subject_002062,user_0050,3,2,1,1,1,1,2,2,1,1,1,1
979,subject_002067,user_0050,1,1,1,1,1,1,1,1,1,1,1,1
980,subject_002069,user_0050,2,1,1,1,1,3,1,1,1,1,2,2
982,subject_004152,user_0050,1,1,1,1,1,1,1,1,0,0,1,0
983,subject_002077,,3,2,2,2,2,0,2,2,0,0,0,0
984,subject_002078,user_0050,3,1,1,1,1,1,1,1,0,0,1,1
985,subject_002079,user_0050,1,1,1,1,1,1,1,1,1,1,1,1
986,subject_004153,user_0050,2,2,2,2,2,2,2,2,2,2,2,2
987,subject_002081,,2,1,1,1,2,1,2,2,0,0,2,2
988,subject_002083,user_0050,1,1,1,1,1,1,1,1,1,1,1,1
990,subject_002094,,0,0,0,0,0,0,0,0,0,0,0,0
991,subject_004154,user_0050,2,1,1,1,1,1,1,1,1,1,1,1
993,subject_003913,user_0050,1,1,2,2,2,2,2,2,2,2,2,3
994,subject_004155,user_0050,1,1,1,1,1,1,1,2,2,1,1,1
995,subject_002104,user_0050,1,1,1,1,1,1,1,1,1,1,1,1
996,subject_002106,user_0050,1,2,1,1,1,1,1,1,1,1,1,1
997,subject_002107,user_0050,1,1,1,3,2,2,2,2,2,2,2,2
998,subject_003914,,3,2,2,3,2,3,1,1,3,2,2,2
999,subject_002109,user_0050,1,2,1,1,0,0,0,0,0,0,0,0
1000,subject_004156,,2,2,1,1,2,2,0,0,0,0,0,0
1001,subject_002116,user_0050,1,1,1,1,1,1,1,1,2,2,2,2
1002,subject_002118,user_0050,1,1,1,1,1,1,1,1,1,1,1,1
1003,subject_004157,user_0050,1,1,2,2,2,2,2,2,0,0,2,2
1005,subject_002122,user_0050,1,1,2,2,2,2,2,2,0,0,2,2
1006,subject_002123,user_0066,1,1,1,1,1,1,1,1,1,1,1,1
1007,subject_002125,user_0050,1,1,2,2,2,2,2,2,2,2,2,2
1008,subject_002130,user_0050,1,1,1,1,1,1,1,1,0,0,1,1
1009,subject_002131,user_0050,1,1,1,1,1,1,1,1,1,1,0,0
1010,subject_002133,user_0050,1,1,2,0,0,0,0,0,0,0,0,0
1011,subject_004158,user_0050,1,1,2,2,0,0,0,0,0,0,0,0
1012,subject_002135,user_0050,1,1,1,1,1,1,1,1,1,1,1,1
1013,subject_002136,user_0050,1,1,1,1,1,1,1,1,1,1,1,1
1014,subject_002140,,2,2,2,2,0,0,0,0,0,0,0,0
1015,subject_002143,user_0050,1,1,2,2,2,2,2,2,2,2,2,2
1017,subject_002146,user_0050,1,1,1,1,1,1,1,2,1,1,1,1
1018,subject_002147,,2,2,2,2,2,2,1,1,1,1,1,1
1019,subject_002148,,2,2,1,1,1,1,1,1,2,2,2,2
1020,subject_004159,,2,2,2,2,0,0,0,0,0,0,0,0
1021,subject_004160,,2,2,2,2,0,0,0,0,0,0,0,0
1022,subject_002152,,2,2,1,1,1,1,1,1,1,1,1,1
1024,subject_002155,,2,2,1,0,0,0,1,1,0,0,1,1
1025,subject_002156,,2,2,2,2,2,2,2,2,2,2,2,2
1027,subject_002159,,2,2,1,1,1,0,0,0,1,1,0,0
1028,subject_002160,,2,2,2,2,2,2,2,2,2,2,2,2
1030,subject_002163,,2,2,1,1,1,1,1,1,1,1,1,1
1032,subject_004161,,2,1,1,1,1,1,1,1,1,1,1,1
1033,subject_004162,,2,1,1,1,2,2,2,2,2,2,2,2
1038,subject_002170,,2,1,1,1,1,1,0,0,1,1,1,1
1039,subject_004163,,2,2,2,2,0,0,0,0,0,0,0,0
1040,subject_002172,,3,3,2,2,0,0,2,2,0,0,0,0
1041,subject_002173,,1,1,1,1,1,1,1,1,1,1,1,1
1042,subject_002176,,2,2,2,2,2,0,2,2,2,2,2,2
1043,subject_002177,user_0066,1,1,1,1,1,1,1,1,1,1,1,1
1045,subject_002178,,2,2,2,2,2,2,0,0,2,2,2,2
1047,subject_004164,,1,1,2,2,2,2,2,2,2,2,2,2
1048,subject_002183,,2,2,1,1,1,1,2,2,1,1,1,1
1051,subject_002187,,2,2,1,1,1,1,0,0,0,0,0,0
1052,subject_004165,,2,1,1,1,1,1,1,1,1,1,1,1
1055,subject_002191,,1,1,2,0,0,0,0,0,2,2,2,2
1056,subject_002192,,2,2,2,2,2,2,2,2,2,2,2,2
1057,subject_002193,,2,2,1,2,2,1,2,3,1,1,1,3
1058,subject_002197,user_0064,1,1,1,1,1,2,2,1,2,1,1,1
1059,subject_002198,,2,2,1,1,2,1,1,3,2,1,1,3
1060,subject_002200,,2,2,2,0,0,0,0,0,2,2,0,0
1065,subject_002213,,2,2,1,1,1,1,1,1,1,1,1,1
1066,subject_002217,,1,1,2,2,2,2,2,2,2,2,2,2
1069,subject_004166,,2,2,1,1,0,0,0,0,0,0,0,0
1070,subject_002220,,2,2,2,2,3,2,3,3,2,1,2,3
1071,subject_002222,,2,2,2,2,2,2,0,0,2,2,0,0
1073,subject_002224,,2,2,2,0,0,0,0,0,2,2,0,0
1074,subject_002228,,2,1,2,2,3,2,2,2,2,2,2,2
1075,subject_002229,user_0052,1,2,1,1,1,1,1,1,1,1,0,0
1076,subject_003916,user_0052,1,2,1,1,1,1,1,1,3,3,0,0
1077,subject_002237,,3,3,1,1,2,1,0,0,2,2,0,0
1078,subject_002238,user_0052,1,2,1,1,1,1,1,1,1,1,1,1
1079,subject_004167,,2,1,1,0,0,0,0,0,2,2,0,0
1080,subject_002242,,3,3,2,1,1,0,1,1,2,2,0,0
1082,subject_004168,,2,2,2,2,0,0,0,0,0,0,2,2
1083,subject_002247,user_0052,2,2,2,2,2,2,2,2,2,2,2,2
1085,subject_002248,user_0052,2,2,2,2,2,2,2,2,2,2,0,0
1086,subject_002249,user_0052,1,1,1,1,1,1,1,1,1,1,0,0
1087,subject_004169,,1,1,1,1,1,1,0,0,0,0,0,0
1089,subject_003917,,3,2,2,0,0,0,0,0,0,0,0,0
1091,subject_002259,user_0052,1,2,1,1,1,1,1,1,1,2,1,1
1092,subject_004170,user_0052,1,1,2,2,2,0,2,2,0,0,0,0
1093,subject_002260,user_0052,2,2,2,2,2,2,2,2,2,2,2,2
1094,subject_002261,user_0052,2,3,2,2,2,0,2,2,0,0,2,2
1095,subject_002262,user_0052,1,1,1,1,1,1,1,1,1,1,1,1
1096,subject_002265,user_0052,2,1,1,1,1,1,1,1,1,1,1,1
1097,subject_002268,user_0052,1,1,2,2,0,0,0,0,0,0,0,0
1098,subject_002273,user_0052,2,2,1,1,1,1,1,1,2,1,1,1
1099,subject_003918,user_0052,2,3,2,2,0,0,0,0,0,0,0,0
1100,subject_004171,user_0052,2,3,2,2,2,2,2,2,2,2,2,2
1101,subject_002275,user_0052,1,1,1,1,1,0,1,1,0,0,0,0
1102,subject_002279,user_0052,1,2,2,2,2,2,2,2,2,2,2,2
1103,subject_002280,user_0052,1,1,2,2,2,2,2,2,2,2,2,2
1106,subject_003919,user_0052,1,1,2,1,1,3,0,0,0,0,0,0
1107,subject_002285,user_0052,2,1,1,1,1,0,1,1,1,1,1,1
1108,subject_002286,user_0052,1,1,1,1,1,1,1,1,1,1,1,1
1109,subject_002287,user_0052,1,2,1,1,1,1,1,1,1,1,1,1
1111,subject_004172,user_0052,1,1,1,1,0,0,0,0,0,0,0,0
1112,subject_004173,user_0052,1,2,1,1,0,0,0,0,0,0,0,0
1114,subject_002300,user_0052,1,1,1,1,1,1,1,1,1,1,1,1
1115,subject_003920,user_0052,3,1,2,0,0,0,0,0,0,0,0,0
1116,subject_002302,user_0052,3,1,3,3,0,0,0,0,0,0,0,0
1121,subject_002312,user_0052,1,1,1,1,1,1,1,1,1,1,1,1
1122,subject_002313,user_0052,3,3,2,2,2,2,0,0,0,0,0,0
1124,subject_002314,,1,2,2,2,2,2,2,2,2,2,2,2
1126,subject_004174,,2,1,2,2,2,2,2,2,2,2,2,2
1127,subject_002318,,3,1,1,1,1,0,1,1,1,1,1,1
1128,subject_002320,,1,1,1,1,1,1,2,2,2,2,2,2
1131,subject_003921,,1,1,2,1,1,3,1,1,1,1,3,1
1132,subject_002330,,1,1,2,2,0,0,2,2,0,0,0,0
1133,subject_002333,,1,2,2,2,2,2,2,2,2,2,2,3
1135,subject_002344,,2,2,2,2,2,0,0,0,0,0,0,0
1137,subject_002350,,2,1,1,2,2,2,2,2,2,2,2,2
1139,subject_002355,,1,1,1,1,1,1,1,1,1,1,1,1
1140,subject_004175,,2,2,2,2,2,2,2,2,2,2,2,2
1141,subject_002358,,1,2,1,1,1,1,1,1,1,1,1,1
1143,subject_002364,,3,3,2,2,0,0,0,0,0,0,0,0
1144,subject_002365,,1,1,2,2,3,3,2,2,3,2,3,2
1145,subject_004176,,2,1,1,1,1,1,1,2,1,1,1,1
1146,subject_004177,,1,1,2,2,2,0,2,2,2,2,2,2
1147,subject_004178,,1,2,1,1,1,1,1,2,1,2,2,2
1148,subject_004179,,2,2,2,2,2,0,2,2,2,2,2,2
1150,subject_002371,,2,1,2,2,2,2,2,2,2,2,2,2
1151,subject_002374,,1,1,2,2,2,2,2,2,2,2,2,2
1153,subject_004180,,1,2,1,1,1,1,1,1,1,1,1,1
1154,subject_003922,,3,3,2,2,2,2,2,2,2,2,2,2
1157,subject_002385,,3,2,2,2,0,0,0,0,0,0,0,0
1158,subject_004181,,2,1,2,2,2,2,2,2,2,2,2,2
1160,subject_002386,,3,2,2,2,2,2,2,2,2,2,2,2
1161,subject_002387,,1,1,2,2,2,2,2,2,2,2,2,2
1162,subject_002392,,1,1,2,2,2,2,2,2,2,2,2,2
1164,subject_004182,,2,1,2,2,2,2,1,1,1,2,1,2
1165,subject_002397,,3,3,3,3,3,3,3,3,3,3,3,3
1167,subject_002399,,1,1,2,2,2,2,2,2,2,2,2,2
1168,subject_002400,,3,1,2,2,2,2,2,2,2,2,2,2
1169,subject_002404,,1,1,1,1,1,1,2,2,2,2,2,2
1172,subject_002411,,2,2,1,1,0,0,0,0,0,0,0,0
1188,subject_002435,,2,1,2,2,0,0,0,0,0,0,0,0
1215,subject_004183,,2,1,1,2,2,2,2,2,2,2,2,2
1216,subject_003923,,3,2,2,2,2,2,3,3,3,3,3,3
1217,subject_004184,,2,2,2,2,2,2,2,2,2,2,2,2
1219,subject_004185,,1,1,2,2,2,2,2,2,2,2,2,2
1220,subject_002474,,1,1,2,2,2,2,2,2,2,2,2,2
1222,subject_004186,,1,1,1,1,1,1,1,1,1,1,1,1
1223,subject_003924,,1,2,2,2,2,2,2,2,2,3,2,2
1224,subject_002476,,2,2,2,2,2,2,2,2,2,2,2,2
1225,subject_003925,,3,2,1,1,1,1,1,1,1,1,1,1
1226,subject_002477,,3,2,1,1,1,1,1,1,2,1,1,1
1227,subject_004187,,1,1,1,1,1,1,1,1,1,1,1,1
1229,subject_002480,,1,1,1,1,1,1,1,1,1,1,1,1
1231,subject_002482,,1,2,2,2,2,2,2,2,2,2,2,2
1232,subject_002483,,1,1,1,1,1,1,1,1,1,1,1,1
1233,subject_002485,,2,2,3,3,2,2,3,3,3,3,3,3
1234,subject_002486,,1,2,2,2,2,2,2,2,2,2,2,2
1235,subject_002488,,2,2,2,2,2,2,2,2,2,2,2,2
1237,subject_002491,,1,1,2,2,2,2,2,2,2,2,2,2
1238,subject_004188,,1,1,2,2,2,2,2,2,2,2,2,2
1243,subject_004189,,2,1,2,2,2,2,2,2,2,2,2,2
1244,subject_002502,,1,1,2,2,3,3,3,3,3,3,3,3
1246,subject_002503,,1,1,1,1,1,1,1,1,1,1,1,1
1247,subject_002504,,1,1,2,2,2,2,2,2,2,2,2,2
1248,subject_003926,,1,1,1,1,1,3,1,1,1,1,1,1
1249,subject_004190,,2,2,2,2,0,0,0,0,0,0,0,0
1250,subject_002508,,2,2,2,2,2,2,3,3,3,3,3,3
1251,subject_004191,,1,1,2,2,2,2,2,2,2,2,2,2
1252,subject_002513,,2,1,2,2,2,0,0,0,0,0,0,0
1253,subject_002518,,1,1,2,2,2,2,2,2,2,2,2,2
1254,subject_002519,,2,2,3,3,2,2,3,3,3,3,3,3
1255,subject_004192,,1,2,1,1,1,1,0,0,0,0,0,0
1256,subject_004193,,1,2,2,2,2,2,2,2,2,2,0,0
1257,subject_003927,,2,1,1,1,2,2,2,1,2,3,2,2
1258,subject_002521,,1,1,2,2,2,2,3,2,3,2,2,2
1259,subject_003928,,3,1,2,2,2,2,2,2,2,2,2,2
1261,subject_003929,,3,2,2,2,2,2,2,2,2,2,2,2
1262,subject_003930,,3,2,2,2,2,2,2,2,2,2,2,2
1263,subject_002526,,1,1,2,2,2,2,2,2,2,2,2,2
1264,subject_004194,,1,1,1,1,1,1,1,1,1,1,1,1
1265,subject_004195,,1,1,2,2,2,2,2,2,2,2,2,2
1266,subject_004196,,1,1,2,2,2,2,2,2,2,2,2,2
1267,subject_004197,,1,1,2,2,2,2,2,2,2,2,0,0
1268,subject_002536,,1,1,1,1,1,1,1,1,1,1,1,1
1269,subject_004198,,1,1,2,2,2,2,2,2,0,0,0,0
1270,subject_004199,,1,1,2,2,2,2,2,2,2,2,2,2
1271,subject_002538,,1,1,2,2,2,2,2,2,2,2,0,0
1273,subject_004200,,1,1,2,2,2,2,0,0,0,0,0,0
1274,subject_004201,,1,1,2,2,2,0,2,2,2,2,2,2
1276,subject_002541,,3,1,3,3,3,0,3,3,3,3,3,3
1277,subject_002542,,1,1,2,2,2,2,2,2,2,2,2,2
1278,subject_004202,,2,1,2,2,2,2,2,2,2,2,2,2
1279,subject_004203,,1,1,1,1,2,1,0,0,1,1,1,1
1280,subject_003931,,1,1,1,1,1,1,2,2,3,3,1,2
1281,subject_003932,,2,1,3,3,3,2,3,3,3,2,3,3
1283,subject_002547,,1,1,2,2,2,2,2,2,2,2,0,0
1284,subject_004204,,1,2,2,2,2,0,2,2,2,2,2,2
1285,subject_003933,,3,2,2,2,2,2,2,2,2,2,2,2
1287,subject_002550,,1,2,2,2,2,0,2,2,2,2,0,0
1288,subject_004205,,2,2,2,2,2,2,2,2,2,2,2,2
1289,subject_003934,,2,3,2,2,2,2,0,0,0,0,0,0
1291,subject_002556,,3,3,3,3,3,3,3,3,3,3,3,3
1292,subject_002557,,1,2,2,2,2,0,2,2,2,2,2,2
1293,subject_004206,,2,1,2,2,2,2,2,2,2,2,2,2
1294,subject_002559,,1,2,1,1,1,1,1,1,1,1,1,1
1295,subject_002561,,3,3,2,2,2,2,2,2,2,2,2,2
1296,subject_004207,,2,1,2,2,2,0,0,0,0,0,0,0
1297,subject_003935,,1,2,3,3,3,3,3,3,3,3,3,3
1298,subject_002568,,1,1,2,2,2,2,2,2,2,2,2,2
1299,subject_003936,,3,3,3,3,3,3,3,3,3,3,3,3
1300,subject_004208,,1,1,2,2,2,2,0,0,0,0,0,0
1302,subject_002572,,2,1,2,0,0,0,0,0,0,0,0,0
1304,subject_003937,,3,3,3,3,3,3,3,3,3,3,3,3
1305,subject_002573,,1,2,2,2,2,2,2,2,2,2,2,2
1306,subject_004209,,1,1,2,2,2,2,2,2,2,2,2,2
1307,subject_002574,,1,1,1,1,1,1,1,1,1,1,1,1
1308,subject_003938,,3,2,2,2,2,2,2,2,2,2,2,2
1309,subject_003939,,1,2,3,3,3,3,3,3,3,3,3,3
1310,subject_004210,,2,1,2,2,2,2,2,2,2,2,2,2
1311,subject_002577,,1,1,3,3,3,3,3,3,3,3,3,3
1315,subject_004211,,1,1,1,1,1,0,1,1,1,1,1,1
1320,subject_004212,,1,1,2,2,2,2,0,0,0,0,0,0
1322,subject_004213,,2,2,2,2,2,2,2,2,2,2,2,2
1323,subject_004214,,1,1,2,2,2,2,0,0,0,0,0,0
1333,subject_004215,,1,2,2,2,2,2,2,2,2,2,0,0
1336,subject_004216,,2,1,2,2,2,2,1,2,2,2,2,1
1338,subject_004217,,2,1,2,2,2,0,0,0,0,0,0,0
1340,subject_004218,,1,1,1,1,1,1,1,1,1,1,1,1
1343,subject_002604,,2,2,1,1,1,0,0,0,3,2,0,0
1349,subject_004219,,1,2,2,2,0,0,0,0,0,0,0,0
1351,subject_004220,,1,2,1,1,1,1,0,0,0,0,1,1
1352,subject_004221,,1,1,2,2,2,2,0,0,2,2,0,0
1353,subject_002609,,1,2,1,1,1,1,0,0,0,0,0,0
1355,subject_004222,,2,2,1,1,1,0,0,0,0,0,0,0
1356,subject_004223,,1,1,2,0,0,0,2,2,0,0,0,0
1361,subject_004224,,2,2,2,0,0,0,2,2,0,0,0,0
1362,subject_004225,user_0064,1,1,1,1,1,1,1,1,1,1,1,1
1367,subject_004226,,2,2,2,2,2,2,2,2,2,2,2,2
1368,subject_004227,,1,1,2,2,2,0,2,2,0,0,2,2
1370,subject_004228,,2,2,2,2,2,2,0,0,0,0,0,0
1372,subject_002633,,1,1,2,2,2,1,2,2,1,1,1,1
1373,subject_002634,,1,1,2,3,3,3,2,2,1,1,3,3
1374,subject_002635,,2,1,2,2,2,1,2,2,2,2,2,2
1376,subject_002640,,1,1,2,2,2,2,2,2,2,2,2,2
1377,subject_004229,,1,1,2,2,2,2,2,2,2,2,2,2
1379,subject_002642,,1,2,1,1,2,2,2,2,1,2,2,2
1380,subject_004230,,1,1,1,1,1,1,1,1,1,1,1,1
1381,subject_002643,,2,2,2,2,0,0,0,0,0,0,0,0
1382,subject_004231,,2,2,1,1,0,0,0,0,0,0,0,0
1384,subject_002645,,2,1,2,2,2,3,3,3,2,2,2,2
1386,subject_004232,,2,1,2,2,2,2,2,2,2,2,2,2
1387,subject_004233,,2,1,1,1,1,1,1,1,1,1,1,1
1392,subject_004234,,1,1,2,2,2,2,2,2,2,2,2,2
1393,subject_003940,,2,1,2,1,1,1,2,3,2,2,3,3
1394,subject_002654,,1,1,1,1,1,1,1,1,1,1,1,1
1395,subject_002655,,1,2,1,2,2,0,0,0,0,0,2,1
1396,subject_004235,,2,1,2,2,2,2,2,2,2,2,2,2
1397,subject_002656,,1,2,2,2,2,2,2,2,2,2,2,2
1398,subject_003941,,2,2,1,1,1,1,3,3,2,3,3,3
1400,subject_004236,,2,1,2,2,2,2,2,2,2,2,2,2
1403,subject_002664,,1,2,1,1,1,1,1,1,1,1,1,1
1404,subject_002666,,1,2,1,1,1,3,3,3,3,3,3,3
1405,subject_004237,,1,1,2,2,2,2,2,2,2,2,2,2
1406,subject_002670,,2,1,1,1,1,3,2,2,2,2,2,2
1407,subject_002671,,1,2,2,2,2,2,2,2,2,2,2,2
1408,subject_002672,,2,1,2,2,2,2,2,2,2,2,2,2
1409,subject_004238,,1,1,1,1,1,1,1,1,1,1,1,2
1410,subject_002673,,1,2,2,2,1,2,2,2,2,2,2,2
1411,subject_002677,,1,2,2,2,2,2,2,2,2,2,2,2
1412,subject_002681,,1,1,1,1,1,1,1,1,2,2,1,2
1413,subject_002683,,2,1,2,2,2,0,2,2,2,2,2,2
1414,subject_002684,,1,1,1,1,1,1,1,1,1,1,1,1
1415,subject_004239,,2,2,1,1,1,1,1,1,1,1,1,1
1445,subject_002739,user_0064,2,1,1,1,2,1,1,1,2,2,2,2
1468,subject_002776,user_0050,1,1,1,1,1,1,0,0,1,1,0,0
1469,subject_004240,user_0050,1,1,2,2,2,2,2,0,2,2,2,2
1471,subject_004241,user_0050,1,1,1,1,1,1,1,1,1,1,1,1
1473,subject_004242,user_0050,1,1,1,1,1,1,1,1,1,1,1,1
1474,subject_004243,user_0050,1,1,2,2,2,2,2,2,2,2,2,2
1475,subject_002791,user_0050,1,1,2,2,2,2,2,2,2,2,2,2
1476,subject_002793,,3,3,2,2,2,0,0,0,0,0,0,0
1477,subject_002794,user_0050,1,1,2,2,2,2,2,2,2,2,2,2
1478,subject_004244,user_0050,2,1,2,2,2,2,2,2,2,2,2,2
1479,subject_002796,user_0050,1,1,1,1,1,1,1,1,1,1,1,1
1480,subject_004245,user_0050,1,1,1,1,1,0,1,1,1,1,1,1
1481,subject_002798,user_0050,1,1,1,2,1,3,1,1,1,1,1,1
1482,subject_002800,user_0050,1,1,2,2,2,2,2,2,2,2,2,2
1484,subject_004246,user_0050,1,1,2,2,2,2,2,2,2,2,2,2
1486,subject_003942,user_0050,1,1,2,2,2,2,3,0,2,2,2,2
1487,subject_002808,user_0050,1,1,2,2,2,0,2,2,2,2,2,2
1491,subject_002810,user_0050,1,1,2,2,2,2,3,3,3,3,2,2
1492,subject_002814,user_0050,1,2,3,1,1,0,1,1,0,0,0,0
1494,subject_002818,user_0050,1,1,1,1,1,1,1,1,1,1,1,1
1495,subject_004247,user_0050,1,1,1,1,1,1,1,1,1,1,1,1
1498,subject_004248,user_0050,1,1,2,2,2,0,2,2,2,2,2,2
1499,subject_004249,user_0050,2,1,1,1,0,0,1,2,2,2,0,0
1500,subject_002823,user_0050,1,1,2,2,2,2,2,2,2,2,2,2
1502,subject_004250,user_0050,1,1,1,1,1,1,1,1,2,2,0,0
1504,subject_002832,user_0050,2,1,2,2,2,2,2,2,2,2,2,2
1508,subject_004251,user_0050,1,1,2,2,2,2,2,2,2,2,2,2
1511,subject_002840,,2,2,2,2,2,2,2,2,0,0,2,1
1560,subject_002885,user_0051,2,2,3,3,3,3,3,3,3,3,3,3
1563,subject_002889,,2,1,1,1,1,1,0,0,0,0,0,0
1573,subject_004252,user_0051,1,1,1,1,1,1,1,1,1,1,1,1
1577,subject_002899,,2,2,1,0,0,0,0,0,0,0,0,0
1578,subject_004253,,2,2,1,1,2,2,1,1,2,1,2,2
1579,subject_004254,,2,1,1,1,1,1,0,0,0,0,0,0
1580,subject_004255,,2,1,1,1,1,1,0,0,0,0,0,0
1586,subject_004256,,2,2,1,1,1,1,0,0,0,0,0,0
1593,subject_004257,,2,1,1,1,1,1,0,0,0,0,0,0
1595,subject_004258,,2,1,1,1,0,0,0,0,0,0,0,0
1597,subject_004259,user_0051,1,1,1,1,1,1,1,1,1,1,1,1
1599,subject_004260,,2,2,2,2,2,0,1,1,1,2,1,2
1605,subject_002913,,2,1,1,1,1,2,0,0,0,0,0,0
1608,subject_003943,,3,2,2,2,2,1,1,2,0,0,0,0
1615,subject_004261,,2,2,2,0,0,0,0,0,2,2,1,2
1616,subject_002921,,2,1,2,0,0,0,0,0,1,1,0,0
1619,subject_004262,,2,1,1,1,0,0,0,0,0,0,0,0
1625,subject_004263,,2,1,1,1,1,1,1,1,2,2,2,2
1627,subject_003944,,2,2,3,3,1,2,0,0,0,0,0,0
1633,subject_004264,,2,2,2,2,2,2,0,0,0,0,0,0
1639,subject_004265,,2,2,2,1,1,1,1,1,1,2,1,1
1644,subject_003945,,2,1,2,3,2,2,2,1,0,0,1,1
1647,subject_004266,,2,2,1,1,0,0,1,1,1,1,0,0
1654,subject_004267,,2,2,1,1,2,0,1,1,0,0,0,0
1655,subject_004268,,2,1,1,1,1,0,0,0,1,1,0,0
1660,subject_002944,user_0042,1,1,1,1,1,1,1,1,1,1,1,1
1661,subject_004269,user_0042,2,1,2,2,2,2,2,2,2,2,2,2
1662,subject_003946,user_0042,1,3,3,3,3,3,3,3,3,3,3,3
1663,subject_004270,user_0042,1,1,1,1,1,1,1,1,1,1,1,1
1664,subject_004271,user_0042,1,1,1,1,0,0,1,0,1,0,1,0
1665,subject_004272,user_0042,1,1,1,1,1,1,1,1,0,1,1,1
1666,subject_002947,user_0042,1,1,2,2,2,2,2,2,2,2,2,2
1667,subject_003947,user_0042,2,1,2,1,3,1,0,0,0,0,0,0
1669,subject_004273,user_0042,1,1,1,1,1,1,1,1,1,1,1,1
1670,subject_004274,,2,2,1,1,0,0,0,0,0,0,0,0
1671,subject_004275,,2,1,1,1,1,1,2,2,1,2,1,1
1675,subject_004276,user_0042,1,1,1,1,1,1,1,1,1,1,1,1
1676,subject_004277,user_0042,1,1,1,1,1,1,1,1,1,1,1,1
1678,subject_004278,user_0042,1,1,1,1,1,1,1,1,1,1,1,1
1679,subject_003948,user_0042,2,3,3,3,3,3,3,3,3,3,3,3
1681,subject_003949,user_0042,1,1,1,1,3,3,2,2,2,2,2,2
1682,subject_004279,,2,1,1,1,1,1,1,1,0,0,2,1
1683,subject_004280,,2,1,1,1,1,0,0,0,0,0,0,0
1684,subject_004281,user_0042,2,1,1,1,1,1,1,1,1,0,1,1
1686,subject_002962,,2,1,1,1,2,1,1,1,0,0,0,0
1687,subject_002964,,2,1,1,1,1,0,0,0,0,0,0,0
1688,subject_002965,user_0042,2,1,2,2,2,0,2,2,2,2,2,2
1690,subject_003950,user_0042,1,1,1,1,1,1,1,1,0,0,2,3
1691,subject_004282,user_0042,2,1,1,1,1,2,2,2,0,0,2,2
1692,subject_004283,user_0042,2,2,2,2,2,2,2,2,2,2,2,2
1693,subject_004284,user_0042,2,2,1,1,1,1,1,1,1,1,1,1
1695,subject_003951,user_0042,3,3,3,3,3,3,3,3,0,3,3,3
1696,subject_003952,user_0042,3,3,3,3,3,3,3,3,3,3,3,3
1697,subject_002968,user_0042,1,1,2,2,2,2,2,2,2,2,2,2
1698,subject_004285,user_0042,1,1,1,1,1,1,1,1,1,1,1,1
1699,subject_002970,user_0042,1,1,1,1,1,1,1,1,1,1,1,1
1701,subject_002973,user_0042,1,1,1,1,1,2,1,1,1,1,1,1
1703,subject_004286,user_0042,1,1,1,1,1,1,1,1,1,1,1,1
1704,subject_002974,user_0042,1,1,1,1,1,1,0,0,1,1,1,1
1705,subject_003953,,2,3,2,2,1,1,0,0,1,3,1,1
1707,subject_003954,user_0042,3,2,3,3,3,3,3,3,3,3,3,3
1708,subject_004287,,1,1,2,2,0,0,2,2,0,0,0,0
1710,subject_004288,,1,2,2,0,0,0,0,0,0,0,0,0
1711,subject_004289,user_0042,2,2,2,2,2,2,2,2,0,0,2,2
1765,subject_004290,user_0062,1,1,1,1,1,1,1,1,1,1,1,1
1769,subject_004291,user_0062,1,1,1,1,1,0,1,1,1,1,1,1
1770,subject_004292,user_0062,1,0,0,0,0,0,0,0,0,0,0,0
1771,subject_003018,user_0062,1,1,1,1,1,0,0,0,0,0,0,0
1772,subject_004293,user_0062,2,2,2,2,2,0,2,2,2,2,2,2
1773,subject_004294,user_0062,2,0,0,0,0,0,0,0,0,0,0,0
1776,subject_004295,user_0062,2,1,1,1,1,1,1,1,1,1,1,1
1778,subject_004296,user_0062,1,1,1,1,0,0,0,0,0,0,0,0
1779,subject_004297,user_0062,1,1,1,1,1,1,1,1,1,1,1,1
1780,subject_004298,user_0062,1,0,0,0,0,0,0,0,0,0,0,0
1781,subject_004299,user_0062,1,0,0,0,0,0,0,0,0,0,0,0
1782,subject_003028,user_0062,1,2,1,1,1,1,1,1,1,1,1,1
1783,subject_004300,user_0062,1,1,1,1,1,1,1,1,1,1,1,1
1784,subject_003029,user_0062,3,3,3,3,3,3,3,3,3,3,3,3
1785,subject_003030,user_0062,1,1,1,1,1,1,1,1,1,1,1,1
1786,subject_004301,user_0062,2,1,2,2,2,2,2,2,2,2,2,2
1787,subject_003031,user_0062,1,1,1,1,1,0,1,1,1,1,1,1
1788,subject_003032,user_0062,1,1,1,1,1,1,1,1,1,1,1,1
1791,subject_004302,user_0062,2,2,1,1,1,1,1,1,1,1,1,1
1796,subject_004303,user_0062,1,1,1,1,1,1,0,0,0,0,1,1
1797,subject_003049,user_0062,1,2,2,2,2,2,0,0,0,0,2,2
1798,subject_004304,user_0062,1,1,1,1,1,1,1,1,1,1,1,1
1800,subject_003053,user_0062,1,1,1,1,1,1,1,1,1,1,1,1
1802,subject_003057,user_0062,1,1,1,1,1,1,1,1,1,1,1,1
1803,subject_003058,user_0062,1,1,1,1,1,1,1,1,1,1,1,1
1806,subject_004305,user_0062,1,1,1,1,1,1,1,1,1,2,1,1
1808,subject_004306,user_0062,1,1,1,1,1,0,1,1,1,1,1,1
1809,subject_004307,user_0062,2,1,1,1,1,1,1,1,2,2,1,1
1810,subject_004308,user_0062,1,1,1,1,1,1,1,1,1,1,1,1
1811,subject_004309,,2,2,2,2,2,2,2,2,2,2,2,2
1812,subject_004310,,1,1,2,2,2,2,2,2,2,2,2,2
1814,subject_003956,,1,2,2,3,3,3,1,1,1,1,3,3
1818,subject_004311,,1,2,2,2,2,2,2,2,2,2,2,2
1819,subject_004312,,1,1,2,2,2,2,2,2,2,2,2,2
1821,subject_003957,,1,1,2,2,2,2,2,3,3,3,3,3
1823,subject_004313,,1,1,2,2,2,2,2,2,2,2,2,2
1825,subject_004314,user_0064,1,2,2,2,2,2,2,1,1,1,2,2
1827,subject_003072,,3,3,2,2,0,0,0,0,0,0,0,0
1830,subject_003958,,3,3,2,2,0,0,0,0,0,0,2,2
1835,subject_003077,,1,2,2,2,2,2,0,0,0,0,0,0
1836,subject_003959,,2,1,2,2,2,2,3,3,2,2,2,2
1839,subject_004315,,1,2,2,2,2,2,2,2,2,2,2,2
1840,subject_003960,,3,2,2,2,2,2,0,0,0,0,0,0
1841,subject_004316,,1,2,2,2,2,2,2,2,2,2,2,2
1842,subject_004317,,2,1,2,2,2,2,2,2,2,2,2,2
1844,subject_003961,,3,2,3,3,3,3,2,2,1,3,3,2
1849,subject_003963,,1,1,3,3,3,3,3,3,3,3,3,3
1850,subject_004318,,1,1,1,1,1,1,2,2,2,2,2,3
1851,subject_004319,,1,2,2,2,2,2,2,2,2,2,2,2
1852,subject_003964,,3,3,3,3,3,3,3,3,3,3,3,3
1853,subject_003965,,3,2,1,1,1,1,2,2,2,2,2,2
1854,subject_004320,,1,1,2,2,2,2,2,2,2,2,2,2
1855,subject_004321,,2,1,2,2,2,2,2,2,2,2,2,2
1856,subject_003966,,3,2,2,2,2,2,2,3,3,3,3,3
1857,subject_003967,,1,1,2,2,2,2,3,3,3,3,2,2
1858,subject_004322,,1,1,2,2,2,0,2,2,2,0,2,2
1859,subject_003085,,3,3,1,1,1,1,0,0,1,0,0,0
1860,subject_003087,,3,2,2,2,2,0,0,0,0,0,0,0
1861,subject_003088,,1,1,1,1,1,0,1,1,1,1,1,1
1862,subject_003968,,3,0,3,0,3,3,0,3,3,3,0,0
1863,subject_004323,,1,1,1,2,1,1,1,1,0,1,1,1
1866,subject_004324,,1,1,1,1,2,1,1,1,2,2,2,1
1867,subject_004325,,2,1,2,1,1,2,1,1,1,2,1,1
1869,subject_004326,,1,1,1,1,1,0,1,1,1,1,1,1
1871,subject_003094,,1,1,1,1,1,1,2,1,1,1,0,2
1872,subject_004327,,1,1,1,0,0,0,0,0,0,0,0,0
1873,subject_004328,,1,1,2,1,2,1,2,1,2,2,2,2
1874,subject_004329,,1,2,2,2,2,2,2,2,2,2,2,2
1876,subject_004330,,2,2,2,2,2,2,2,2,2,2,2,2
1879,subject_004331,,2,2,1,1,1,1,1,1,2,1,2,1
1882,subject_004332,,1,1,1,1,1,1,1,1,0,0,0,0
1883,subject_004333,,1,2,1,2,1,2,0,0,2,0,0,0
1884,subject_004334,,1,1,1,1,2,2,2,2,2,1,2,2
1886,subject_004335,,2,2,2,2,1,1,1,2,2,1,1,0
1887,subject_003098,,1,1,1,1,1,2,1,1,2,2,2,2
1888,subject_003099,,1,1,1,1,1,1,1,1,1,1,1,1
1889,subject_004336,,1,2,1,1,1,1,1,1,1,1,1,1
1891,subject_004337,,2,2,2,2,2,2,2,0,0,0,2,2
1893,subject_003969,,1,1,2,1,1,1,0,0,3,2,2,3
1894,subject_003970,,2,2,2,2,3,0,2,2,2,2,2,2
1895,subject_004338,,1,1,2,2,2,2,2,2,2,2,2,2
1896,subject_004339,,1,1,2,1,1,1,1,1,1,1,1,1
1897,subject_003971,,3,2,2,2,2,1,2,2,2,2,2,2
1899,subject_004340,,1,2,1,1,1,0,1,1,1,1,1,1
1900,subject_003972,,2,2,1,1,3,0,0,2,1,1,1,1
1901,subject_003973,,2,2,2,3,1,1,1,2,2,2,2,2
1902,subject_003106,,2,2,2,3,3,0,2,2,2,2,2,2
1903,subject_004341,,2,2,2,2,2,2,2,0,2,2,2,2
1905,subject_004342,,2,2,2,2,2,2,2,2,2,2,2,2
1907,subject_004343,,2,2,2,2,2,0,2,2,2,3,2,2
1908,subject_004344,,2,2,1,1,0,0,0,0,0,0,0,0
1911,subject_004345,user_0062,0,1,1,1,1,1,1,1,1,1,1,1
1912,subject_003114,user_0062,0,2,1,1,1,0,1,1,1,1,1,1
1913,subject_004346,user_0062,0,2,1,1,1,0,1,1,1,1,1,1
1914,subject_004347,user_0062,0,2,1,1,1,0,1,1,1,1,1,1
1919,subject_004348,user_0062,0,2,1,1,1,0,1,1,1,1,1,1
1922,subject_004349,user_0062,0,0,0,0,0,0,0,0,0,0,0,0
1926,subject_004350,user_0062,0,0,0,0,0,0,0,0,0,0,0,0
1927,subject_004351,user_0066,1,1,2,2,2,2,2,2,2,2,2,2
1933,subject_004352,user_0062,0,0,0,0,0,0,0,0,0,0,0,0
1935,subject_003118,user_0062,0,1,1,1,1,1,1,1,1,1,1,1
1939,subject_003119,user_0062,0,0,0,0,0,0,0,0,0,0,0,0
1948,subject_003124,user_0062,0,0,0,0,0,0,0,0,0,0,0,0
1949,subject_004353,user_0066,1,2,1,1,1,1,1,2,1,1,2,1
1951,subject_004354,,1,2,1,1,1,1,1,1,0,0,0,0
1955,subject_004355,,1,0,0,0,0,0,0,0,0,0,0,0
1961,subject_003128,,1,1,1,1,2,1,2,2,1,1,0,0
1962,subject_004356,,1,1,2,2,2,2,0,0,0,0,2,2
1966,subject_004357,,2,2,2,2,2,2,2,1,2,0,1,2
1967,subject_003130,,1,0,0,0,0,0,0,0,0,0,0,0
1968,subject_003974,,1,2,2,1,2,2,2,2,2,3,0,0
1969,subject_004358,,1,1,2,2,2,2,2,2,0,0,0,0
1970,subject_004359,,1,2,2,2,1,0,2,2,0,0,2,2
1971,subject_004360,,1,1,1,1,2,2,2,2,2,1,2,2
1972,subject_004361,,1,2,2,2,2,2,2,2,2,2,2,2
1973,subject_004362,,2,1,2,2,2,0,2,2,2,2,2,2
1974,subject_004363,,1,2,2,2,2,0,2,2,2,2,2,2
1975,subject_003975,,3,3,2,2,2,0,2,2,2,2,2,2
1978,subject_004364,user_0066,2,1,2,2,2,2,2,2,2,2,2,2
1980,subject_004365,,2,2,1,2,2,2,2,2,2,2,1,2
1982,subject_003136,,1,1,2,2,2,0,2,2,2,2,2,2
1983,subject_003976,,3,2,1,1,1,1,1,1,1,1,1,1
1984,subject_003977,,1,1,1,1,1,1,3,3,0,0,2,2
1985,subject_003137,,2,1,3,1,1,1,1,1,2,2,1,1
1987,subject_004366,,1,0,2,1,1,2,0,0,2,1,1,1
1991,subject_004367,user_0066,2,2,1,1,1,0,1,1,1,1,1,1
1992,subject_004368,,1,1,2,2,0,0,0,0,0,0,0,0
1993,subject_004369,,2,0,0,0,0,0,0,0,0,0,0,0
1995,subject_004370,,1,1,1,1,1,1,0,0,1,1,1,2
1996,subject_004371,,1,1,1,1,1,0,1,1,1,1,1,1
1997,subject_004372,,1,1,1,1,1,1,1,1,1,1,1,1
1998,subject_004373,,1,1,1,1,1,1,1,1,1,1,1,1
2002,subject_003141,,1,1,1,1,1,0,1,1,1,1,1,0
2003,subject_004374,,1,1,1,1,1,0,1,1,1,1,1,1
2004,subject_004375,,1,1,1,1,1,1,1,1,1,1,1,1
2006,subject_004376,,1,1,1,1,1,1,0,1,1,1,1,1
2008,subject_004377,,1,1,1,1,1,1,0,0,1,1,1,1
2014,subject_004378,,1,1,1,1,1,1,1,1,0,1,1,1
2015,subject_004379,,1,1,1,1,1,1,1,1,1,1,1,1
2018,subject_004380,,1,1,1,1,1,0,0,0,0,0,0,0
2019,subject_004381,user_0042,2,1,1,1,1,1,1,1,1,1,1,1
2020,subject_003146,user_0042,2,1,2,2,2,2,2,2,0,0,2,2
2021,subject_003978,user_0042,3,0,0,0,0,0,0,0,0,0,0,0
2023,subject_003149,user_0042,1,1,1,1,1,1,2,2,3,3,2,3
2024,subject_004382,user_0042,2,1,1,1,1,1,1,0,1,1,1,1
2025,subject_004383,user_0042,2,1,1,1,1,1,1,1,1,0,1,1
2026,subject_004384,user_0042,2,1,1,1,1,1,1,1,1,1,1,1
2028,subject_004385,user_0042,2,1,1,1,1,1,1,1,1,1,1,1
2029,subject_004386,user_0042,2,1,1,1,1,1,1,1,2,2,1,2
2033,subject_003159,user_0042,2,1,2,2,2,0,2,2,0,0,2,2
2034,subject_004387,user_0042,2,1,1,1,1,1,1,1,1,1,1,1
2036,subject_003979,user_0042,3,1,2,3,2,2,2,2,0,0,2,2
2037,subject_004388,user_0042,2,1,2,2,2,2,2,2,2,2,2,2
2038,subject_003161,user_0042,2,2,1,1,1,1,1,1,1,1,1,0
2039,subject_003980,user_0042,3,2,1,1,2,2,0,0,2,2,0,0
2041,subject_003162,user_0042,3,3,2,2,2,0,0,0,0,0,0,0
2043,subject_004389,user_0042,3,1,3,3,3,3,3,3,0,0,3,3
2045,subject_003165,user_0042,2,1,1,1,1,1,1,1,1,1,1,1
2047,subject_004390,user_0042,2,1,2,2,2,2,2,2,2,2,2,2
2048,subject_003166,user_0052,1,2,2,2,2,2,2,2,2,2,2,2
2049,subject_004391,user_0052,1,2,1,1,1,1,1,1,1,1,1,1
2050,subject_004392,user_0052,1,1,2,2,2,0,2,2,2,2,2,2
2053,subject_004393,user_0052,1,2,1,1,1,1,1,1,1,1,1,2
2054,subject_004394,user_0052,2,1,1,1,1,0,2,2,2,2,1,1
2058,subject_003176,user_0052,3,3,3,3,3,3,3,3,3,3,3,3
2059,subject_004395,user_0052,1,2,2,2,2,2,2,2,2,2,2,2
2060,subject_003177,user_0052,1,1,1,1,1,1,1,1,1,2,1,1
2061,subject_003178,user_0052,3,2,1,1,1,1,1,1,1,1,1,1
2062,subject_003180,user_0052,1,2,2,2,2,2,2,2,2,2,2,2
2063,subject_003981,user_0052,3,3,2,2,1,1,3,3,2,3,1,2
2064,subject_003182,user_0066,2,1,1,1,1,1,1,1,1,0,1,1
2065,subject_004396,user_0052,2,2,1,1,1,0,0,0,1,2,0,0
2068,subject_004397,user_0052,1,2,2,2,2,2,2,2,0,0,2,2
2070,subject_004398,user_0052,1,2,1,1,1,1,1,1,1,1,1,1
2071,subject_004399,user_0052,1,1,1,1,1,1,1,1,1,1,1,1
2072,subject_004400,user_0052,1,2,2,2,2,0,2,2,2,2,2,2
2073,subject_003982,user_0052,3,2,1,1,1,1,1,1,1,1,1,1
2075,subject_004401,user_0052,2,2,1,1,1,1,1,1,1,0,1,1
2076,subject_003192,user_0052,1,2,1,1,0,0,0,0,0,0,0,0
2077,subject_004402,user_0052,1,1,1,1,1,1,0,0,2,2,2,2
2078,subject_003193,user_0066,2,1,2,2,2,2,2,2,2,2,2,2
2082,subject_003197,user_0052,1,2,1,1,1,0,1,1,1,1,1,1
2083,subject_003198,user_0052,3,2,2,2,2,2,2,2,2,2,2,2
2084,subject_004403,user_0052,1,2,1,1,1,1,1,1,1,1,1,1
2085,subject_003200,user_0066,2,1,1,1,1,1,1,1,1,1,1,1
2087,subject_003201,user_0052,1,1,1,1,1,1,1,1,1,1,1,1
2089,subject_004404,user_0052,1,1,2,0,0,0,2,2,2,2,0,0
2090,subject_004405,user_0052,1,2,1,1,1,1,1,1,1,1,1,1
2093,subject_003204,user_0052,1,1,1,1,1,1,1,1,1,1,1,1
2094,subject_004406,user_0052,1,2,1,1,1,0,0,0,0,0,0,0
2095,subject_004407,user_0052,1,1,1,0,0,0,0,0,0,0,1,1
2097,subject_004408,user_0052,1,2,1,1,1,0,1,1,1,1,1,1
2099,subject_003205,user_0052,1,1,2,2,2,2,2,2,2,2,2,2
2101,subject_003209,user_0052,1,2,1,1,1,1,1,2,1,1,1,1
2102,subject_003211,user_0052,1,2,2,2,2,2,2,2,2,2,2,2
2103,subject_003213,user_0052,1,1,1,1,1,1,0,0,0,0,0,0
2104,subject_003214,user_0052,1,2,1,1,1,1,1,1,1,1,1,1
2105,subject_003983,user_0052,2,2,2,2,2,2,3,3,2,2,2,2
2106,subject_004409,user_0052,1,2,1,1,0,0,1,0,0,0,1,0
2107,subject_003216,user_0052,1,2,2,2,2,2,2,1,2,2,2,2
2108,subject_003219,user_0052,1,1,2,2,2,2,2,2,3,3,3,3
2110,subject_004410,user_0052,2,1,2,2,2,0,2,2,2,2,2,2
2111,subject_004411,user_0052,1,2,2,2,2,2,2,2,0,0,0,0
2112,subject_003984,user_0066,3,3,2,2,2,2,2,2,2,2,2,2
2113,subject_003985,user_0052,2,3,2,2,2,2,0,0,1,1,1,1
2116,subject_004412,user_0052,1,1,1,1,1,1,1,1,1,1,1,1
2117,subject_004413,user_0052,1,1,2,2,2,2,1,1,1,1,1,1
2118,subject_004414,user_0052,1,2,2,2,2,2,2,2,2,2,2,2
2120,subject_003222,user_0052,3,3,3,3,3,3,3,3,3,3,3,3
2121,subject_003224,user_0052,1,1,2,2,2,2,2,2,2,2,2,2
2122,subject_003226,user_0052,2,2,1,1,1,1,1,1,1,1,1,1
2124,subject_003986,user_0052,3,3,3,3,3,3,3,3,3,3,3,3
2126,subject_003987,user_0052,2,3,3,3,3,3,3,3,3,3,3,3
2127,subject_003988,user_0064,1,2,1,1,1,2,1,3,1,1,1,1
2128,subject_004415,user_0052,2,2,1,1,1,1,1,1,1,1,1,1
2130,subject_004416,user_0052,2,1,1,1,1,1,1,1,1,1,1,1
2133,subject_004417,user_0052,2,2,1,1,0,0,0,0,0,0,0,0
2135,subject_003233,user_0052,2,1,1,1,1,1,1,1,1,1,1,1
2136,subject_003235,user_0052,2,2,2,2,2,2,2,2,2,2,2,2
2141,subject_003239,user_0066,2,2,1,1,1,1,1,1,1,1,1,1
2193,subject_004418,user_0066,2,1,2,1,1,1,1,1,1,1,1,1
2195,subject_004419,user_0066,1,1,1,1,1,1,1,1,1,1,1,1
2203,subject_004420,user_0066,1,2,1,1,1,1,0,0,1,1,0,0
2213,subject_004421,user_0066,1,2,2,2,2,2,2,2,2,2,2,2
2217,subject_003309,user_0066,1,1,2,2,1,3,1,1,1,1,1,1
2222,subject_004422,,1,1,1,1,0,0,0,0,0,0,0,0
2229,subject_004423,user_0066,1,1,1,1,1,1,1,1,1,1,1,1
2243,subject_004424,user_0066,1,2,2,2,2,2,2,2,0,0,0,0
2244,subject_004425,user_0064,1,2,2,2,1,1,1,1,1,1,1,1
2245,subject_004426,,1,1,1,1,0,0,0,0,0,0,0,0
2247,subject_004427,,2,1,1,1,1,1,1,1,1,1,1,1
2248,subject_003333,,1,1,1,1,1,1,1,1,1,1,1,1
2249,subject_004428,,1,1,1,2,1,0,2,1,0,0,0,0
2250,subject_003989,user_0066,2,2,2,2,2,2,0,0,3,3,3,3
2251,subject_004429,,1,1,1,1,1,1,1,1,1,1,1,1
2254,subject_004430,,1,1,1,1,1,0,1,1,0,0,1,1
2255,subject_004431,,1,1,2,1,2,2,2,2,2,1,2,2
2257,subject_003990,,1,1,1,1,1,1,2,2,2,0,3,3
2268,subject_003342,user_0064,1,1,1,1,1,1,1,1,1,1,1,1
2269,subject_004432,,1,1,1,1,1,1,1,1,1,1,1,1
2270,subject_004433,,1,1,1,1,1,1,1,1,1,1,1,1
2272,subject_003347,,1,1,0,0,0,0,0,0,0,0,0,0
2273,subject_004434,,1,1,1,1,1,1,1,2,0,0,0,0
2274,subject_003991,,2,1,3,2,1,3,3,3,0,0,0,0
2275,subject_004435,,1,1,1,1,1,1,1,1,1,1,1,1
2276,subject_004436,,1,1,1,1,1,1,1,1,1,1,1,1
2278,subject_004437,,1,1,1,1,1,1,1,1,1,1,1,1
2282,subject_004438,,1,1,1,1,1,1,1,2,0,0,0,0
2283,subject_003355,,1,1,1,1,1,1,1,1,1,1,1,1
2284,subject_004439,,1,1,1,1,1,0,0,1,1,0,1,1
2286,subject_004440,user_0066,1,2,2,2,2,2,2,2,2,2,2,2
2287,subject_004441,,1,1,1,1,1,0,0,0,0,0,1,1
2288,subject_004442,,1,1,1,1,1,0,1,1,1,1,1,1
2289,subject_004443,,1,1,1,1,1,1,1,1,0,0,0,0
2290,subject_003356,,1,1,1,1,1,1,1,2,1,1,1,1
2291,subject_004444,user_0066,1,2,2,2,2,2,2,2,2,2,2,2
2292,subject_003992,,1,1,3,3,3,0,0,0,0,0,0,0
2294,subject_004445,,1,1,1,1,1,1,1,1,1,1,1,1
2296,subject_004446,user_0066,1,2,1,1,1,1,1,1,1,1,1,1
2297,subject_004447,,1,1,2,2,2,2,0,0,2,2,2,2
2299,subject_004448,,1,1,0,0,0,0,0,0,0,0,0,0
2301,subject_003361,user_0066,1,2,1,1,1,0,1,1,1,1,1,1
2302,subject_003993,user_0066,3,3,1,1,1,1,1,1,1,1,1,1
2303,subject_003363,,1,1,1,1,1,1,1,1,1,0,1,1
2304,subject_003364,,1,1,1,1,1,1,0,0,1,1,0,0
2308,subject_004449,,1,1,1,1,1,0,1,1,2,2,1,1
2312,subject_004450,,1,1,1,1,1,1,1,1,1,1,0,0
2314,subject_003994,,2,2,2,3,2,2,2,2,2,2,3,3
2315,subject_004451,user_0066,2,2,1,1,1,1,1,2,1,2,1,1
2316,subject_003373,,1,1,1,1,1,2,1,2,2,0,1,1
2318,subject_004452,,1,1,0,0,0,0,0,0,0,0,0,0
2319,subject_003375,,1,1,1,1,1,1,0,0,1,1,1,1
2320,subject_003379,,1,1,1,1,1,0,1,1,1,1,1,1
2321,subject_003995,,1,1,1,1,1,1,1,1,2,3,2,0
2322,subject_004453,,1,1,1,1,1,1,1,0,2,1,1,1
2323,subject_004454,,1,1,0,0,0,0,0,0,0,0,0,0
2326,subject_003380,,1,1,1,1,1,1,1,1,1,1,1,1
2327,subject_004455,,1,1,1,2,1,2,1,2,0,0,0,0
2328,subject_003381,,1,1,1,1,1,1,1,1,1,0,1,1
2330,subject_004456,,1,1,1,1,1,1,1,1,1,1,1,1
2348,subject_003402,user_0066,1,1,1,1,1,0,1,1,1,1,1,1
2357,subject_003996,,3,3,3,2,3,3,2,2,2,3,3,3
2359,subject_003997,user_0066,2,3,3,3,3,3,3,3,3,3,3,3
2365,subject_003420,user_0066,2,2,2,2,2,2,2,2,2,2,2,2
2386,subject_003998,user_0066,1,2,1,1,1,1,3,3,1,1,3,1
2403,subject_003447,user_0066,1,2,2,2,2,2,2,2,2,2,2,2
2404,subject_004457,,1,1,1,1,1,1,1,2,1,1,1,1
2405,subject_004458,,2,2,2,2,2,0,0,0,2,2,2,2
2406,subject_004459,,1,2,3,0,0,0,1,0,3,0,0,0
2408,subject_004460,,2,2,1,1,1,1,1,1,0,1,1,1
2410,subject_004461,,2,2,1,1,1,1,1,1,0,1,1,1
2411,subject_004462,,2,2,1,1,1,1,1,1,1,1,1,1
2412,subject_003999,,3,3,3,3,3,3,0,0,3,3,3,3
2414,subject_003459,,2,2,2,2,2,2,2,2,2,2,1,1
2415,subject_004463,,1,2,2,2,2,2,2,1,1,1,2,2
2417,subject_004000,,3,3,1,1,1,1,2,2,2,2,2,1
2420,subject_004001,,3,2,1,2,2,2,2,1,2,2,1,1
2422,subject_004002,user_0066,3,3,1,1,1,0,1,1,1,1,1,1
2423,subject_003469,,2,2,2,2,0,0,1,1,0,0,0,0
2424,subject_003471,,1,1,2,2,2,2,2,2,2,2,2,2
2425,subject_004003,,3,2,2,2,2,2,2,2,3,3,2,2
2427,subject_004464,,2,2,2,2,2,2,2,2,2,2,2,2
2428,subject_004465,user_0066,1,1,1,1,1,1,2,1,1,1,1,1
2429,subject_003473,,1,2,2,2,2,0,2,2,2,2,2,2
2430,subject_004004,,1,2,2,2,2,2,2,2,2,3,2,2
2431,subject_003474,,2,2,2,2,2,0,0,0,0,0,2,2
2432,subject_004466,,1,2,2,2,2,2,2,2,2,0,2,2
2434,subject_004467,,1,1,2,2,2,0,1,2,1,2,1,2
2435,subject_004468,,1,1,2,2,1,2,2,2,2,2,1,1
2436,subject_004469,user_0066,1,1,1,1,1,2,1,1,1,2,1,1
2437,subject_004470,,2,0,0,0,0,0,0,0,0,0,0,0
2438,subject_004471,,2,2,2,2,2,2,1,2,2,2,2,2
2439,subject_003479,,2,2,2,1,1,1,1,1,1,1,1,1
2441,subject_004005,,2,1,2,2,2,2,1,1,0,3,2,0
2442,subject_004472,,2,2,2,0,0,0,0,0,0,0,0,0
2443,subject_003488,,2,2,2,2,2,2,2,2,2,2,2,2
2444,subject_003489,,3,3,2,2,2,3,0,0,2,2,0,0
2446,subject_004473,,1,0,0,0,0,0,0,0,0,0,0,0
2448,subject_004474,,2,2,1,1,2,2,2,2,2,2,2,2
2449,subject_004475,,2,2,2,2,2,2,1,2,1,1,1,1
2460,subject_004007,user_0066,1,1,1,1,1,1,2,1,1,1,1,3
2462,subject_004476,user_0066,2,2,2,2,0,0,2,2,2,2,2,2
2463,subject_004477,,1,2,2,0,0,0,0,0,0,0,0,0
2465,subject_004478,,1,1,1,1,1,1,1,1,1,1,1,1
2469,subject_003510,,2,2,2,2,2,0,2,2,2,2,2,2
2470,subject_004479,,1,2,1,1,1,1,0,0,0,0,0,0
2471,subject_003512,user_0066,3,1,1,1,1,1,1,1,0,0,1,0
2472,subject_004480,user_0066,2,1,1,1,1,1,1,1,1,1,1,1
2473,subject_004481,,1,2,2,2,2,2,2,2,0,0,0,0
2474,subject_004482,,2,1,2,2,2,0,2,2,2,2,2,2
2476,subject_003517,,1,0,0,0,0,0,0,0,0,0,0,0
2477,subject_004483,user_0066,1,1,1,1,1,1,1,1,1,1,1,1
2479,subject_003523,user_0066,1,1,1,1,1,1,1,1,1,1,1,1
2480,subject_004484,,1,0,0,0,0,0,0,0,0,0,0,0
2481,subject_004008,user_0066,2,3,1,1,1,2,1,1,1,1,1,1
2482,subject_003525,,1,2,2,2,2,2,0,0,2,2,2,2
2483,subject_004485,,1,1,2,2,2,2,2,2,2,2,2,2
2484,subject_003526,,1,2,1,1,1,1,1,1,1,1,1,1
2485,subject_004486,,1,2,2,2,2,0,2,2,2,2,2,2
2486,subject_004009,,3,3,2,0,0,0,0,0,2,2,2,2
2487,subject_004487,user_0066,2,2,1,1,1,1,1,1,1,1,1,1
2488,subject_004010,,1,2,2,2,2,3,0,0,2,2,2,2
2490,subject_004488,,2,1,2,2,0,0,0,0,2,2,2,2
2491,subject_004489,,1,1,1,1,1,1,1,1,1,1,1,1
2493,subject_003528,,1,1,1,1,1,1,1,1,0,0,0,0
2494,subject_004011,,2,3,3,3,3,0,3,3,0,0,3,3
2495,subject_004490,,2,1,1,1,0,0,0,0,0,0,0,0
2497,subject_004491,,2,1,2,2,2,2,0,0,0,0,0,0
2499,subject_004492,,1,2,2,2,2,2,2,2,2,2,2,2
2501,subject_004493,user_0066,1,2,1,1,2,2,1,1,2,2,2,2
2502,subject_004494,,1,0,0,0,0,0,0,0,0,0,0,0
2503,subject_003533,,1,0,0,0,0,0,0,0,0,0,0,0
2505,subject_004495,,1,1,2,2,2,2,2,2,2,2,2,2
2506,subject_003537,,1,0,0,0,0,0,0,0,0,0,0,0
2507,subject_004496,,1,1,2,2,2,2,2,2,2,2,2,2
2509,subject_004497,,1,2,1,1,1,1,1,1,1,1,1,1
2510,subject_004498,,1,1,2,2,2,2,2,2,2,2,2,2
2511,subject_004499,,2,2,2,2,2,2,2,2,2,2,2,2
2512,subject_003538,,1,1,2,2,2,2,2,2,2,2,2,2
2514,subject_004500,,2,2,2,2,2,0,2,2,2,2,2,2
2515,subject_004012,,3,3,2,3,3,3,2,2,0,0,0,0
2516,subject_004501,,1,1,1,1,1,1,1,1,1,2,1,1
2517,subject_004502,,3,3,2,2,2,2,1,1,1,1,1,1
2519,subject_004503,,1,0,0,0,0,0,0,0,0,0,0,0
2520,subject_004041,,2,2,2,3,2,2,2,2,2,2,2,2
2521,subject_004504,,1,1,2,2,2,0,2,2,2,2,2,2
2523,subject_004505,,2,2,1,1,1,1,1,1,1,1,1,1
2524,subject_004506,user_0066,2,1,1,1,1,0,0,0,0,0,1,1
2525,subject_004507,,1,1,1,1,1,1,1,1,1,1,1,1
2526,subject_004508,,1,2,1,1,1,1,0,0,0,0,0,0
2527,subject_003544,,1,1,2,2,2,0,0,0,0,0,2,0
2529,subject_004509,,1,2,1,1,1,1,1,1,1,1,1,1
2530,subject_004510,,1,1,1,1,1,1,1,1,1,1,1,1
2533,subject_004511,,2,2,2,2,2,2,0,0,0,0,0,0
2534,subject_004512,,1,0,0,0,0,0,0,0,0,0,0,0
2535,subject_004513,,1,2,1,1,1,1,1,1,1,1,1,1
2536,subject_004514,user_0066,2,1,2,2,0,0,0,0,0,0,0,0
2537,subject_004515,,1,2,2,2,2,0,2,2,2,2,2,2
2538,subject_004516,,1,2,2,2,2,2,2,2,2,2,2,2
2541,subject_003551,,1,1,2,2,2,2,3,2,2,2,2,2
2542,subject_004517,,1,1,2,2,2,1,1,1,1,2,1,1
2544,subject_004013,,3,3,1,1,1,1,1,1,1,1,1,1
2545,subject_004518,user_0066,1,1,2,2,2,2,2,2,2,2,2,2
2547,subject_004519,,0,0,0,0,0,0,0,0,0,0,0,0
2550,subject_004520,user_0066,1,1,2,2,2,2,2,2,2,2,2,2
2555,subject_004521,user_0066,1,2,2,2,2,2,2,2,2,2,2,2
2567,subject_004015,,2,3,3,3,3,3,3,3,3,3,3,3
2573,subject_003568,user_0066,1,1,1,1,1,1,1,1,1,1,1,1
2577,subject_004016,,2,3,3,3,3,3,3,3,2,3,3,3
2584,subject_004522,user_0066,1,1,2,2,2,2,2,2,2,2,2,2
2585,subject_003575,user_0066,1,2,1,1,1,1,1,1,1,2,0,0
2587,subject_004017,,2,3,2,3,3,0,0,0,2,3,3,3
2591,subject_004523,user_0066,1,1,1,1,1,1,1,1,1,1,1,1
2594,subject_004524,user_0066,2,2,2,2,2,2,2,2,2,2,2,2
2602,subject_004525,user_0066,1,1,1,1,1,0,1,1,0,0,1,1
2603,subject_004526,,1,2,2,2,2,2,0,0,0,0,0,0
2605,subject_004527,,1,1,1,1,1,1,1,1,1,1,1,1
2606,subject_004018,,2,2,2,2,2,2,2,2,3,3,2,2
2607,subject_004528,,1,1,1,1,1,1,1,1,1,1,1,1
2609,subject_004019,,2,2,2,2,0,0,2,2,3,3,3,3
2610,subject_004529,,1,2,1,1,1,1,1,0,0,0,0,0
2612,subject_004530,,1,1,1,1,1,1,1,1,1,1,1,1
2613,subject_004531,user_0066,1,2,1,1,0,0,1,1,1,1,1,1
2614,subject_004532,,1,1,1,1,1,1,1,1,1,1,1,1
2615,subject_004533,,1,1,1,1,1,1,1,1,1,1,1,1
2617,subject_004534,,1,1,1,1,1,1,1,1,1,1,1,1
2618,subject_004535,,1,1,1,1,1,1,1,1,1,1,1,1
2619,subject_004536,,1,1,1,1,1,1,1,1,1,1,1,1
2620,subject_004537,,1,1,1,1,1,1,1,1,1,1,1,1
2621,subject_004538,,1,1,1,1,1,0,1,1,1,1,1,1
2622,subject_004539,,1,1,1,1,1,1,1,1,1,1,1,1
2623,subject_004540,,1,0,1,1,1,1,1,1,1,1,2,2
2624,subject_004541,,1,1,1,1,1,1,1,1,1,1,1,1
2626,subject_003591,,1,1,2,2,2,2,2,2,2,2,2,2
2628,subject_004542,,1,1,2,1,1,1,1,1,1,1,1,1
2629,subject_004543,,1,2,2,2,2,2,0,0,2,2,0,0
2630,subject_004020,,1,2,2,2,2,2,2,2,3,3,3,3
2633,subject_004544,,1,1,1,1,1,1,1,1,1,1,1,1
2634,subject_003595,,1,1,1,1,0,0,0,0,0,0,0,0
2635,subject_004545,,1,1,1,1,1,1,1,1,1,1,1,1
2636,subject_004546,,1,1,1,1,1,1,1,1,1,1,1,1
2637,subject_004021,user_0066,1,1,2,2,2,3,0,0,0,0,0,0
2638,subject_003599,,1,1,1,1,1,1,1,1,1,1,1,1
2639,subject_004547,,1,1,1,1,1,1,1,1,1,1,1,1
2640,subject_004548,,1,1,2,2,2,2,2,2,2,0,2,2
2642,subject_003600,,1,1,2,2,2,2,2,2,2,2,2,2
2643,subject_004549,,1,1,1,1,1,1,1,1,1,1,1,1
2644,subject_004022,user_0066,1,1,1,1,3,3,1,1,1,0,1,1
2645,subject_004550,,1,1,1,1,1,1,1,1,1,1,1,1
2646,subject_004023,,1,1,1,1,1,3,1,1,2,2,2,2
2649,subject_004551,user_0066,2,2,1,1,1,1,1,1,1,1,1,1
2650,subject_003603,,1,1,1,1,1,3,3,3,1,1,3,3
2651,subject_003604,,1,1,2,2,2,2,2,2,1,1,1,1
2652,subject_004024,,1,1,3,3,1,2,3,3,3,3,3,3
2654,subject_003605,,1,1,1,1,1,1,1,1,1,1,1,1
2655,subject_004552,user_0066,2,2,2,2,2,2,2,2,2,2,2,2
2656,subject_004025,,3,2,2,2,2,2,2,2,2,2,2,2
2657,subject_004553,user_0066,1,1,2,2,2,2,2,2,2,2,2,2
2658,subject_003607,,1,1,2,2,2,2,2,2,2,2,2,2
2659,subject_004554,,2,2,1,1,1,1,1,1,1,1,1,1
2661,subject_004555,,1,2,1,1,1,1,1,1,1,1,1,1
2662,subject_003609,,1,1,1,1,1,1,1,1,1,1,1,1
2664,subject_004556,,2,1,1,1,1,1,0,0,1,1,0,0
2666,subject_003614,,1,1,2,2,2,2,2,2,2,3,2,2
2669,subject_003620,,2,2,2,2,0,0,2,2,2,2,0,0
2670,subject_004026,,2,2,2,2,2,2,3,3,3,3,3,2
2671,subject_003622,,3,2,2,2,2,2,2,2,2,2,2,2
2672,subject_004557,,1,1,2,2,2,2,0,0,0,0,0,0
2673,subject_003624,,1,1,1,1,1,1,1,1,1,1,1,1
2674,subject_003625,,2,1,2,2,3,3,2,2,2,2,2,2
2675,subject_004558,user_0066,1,1,1,1,1,0,1,1,1,1,1,1
2676,subject_003627,,1,1,1,1,1,1,1,1,1,1,1,1
2677,subject_003628,,1,2,2,2,2,0,2,2,2,2,2,2
2678,subject_004027,user_0066,3,2,2,2,2,2,2,2,0,0,0,0
2679,subject_004559,,1,1,1,1,1,1,1,1,1,1,1,1
2681,subject_003633,,2,2,1,1,1,1,1,1,1,1,1,1
2682,subject_004560,user_0066,1,2,1,1,1,1,1,1,1,1,1,1
2684,subject_004561,,1,1,1,0,0,0,1,1,0,0,1,1
2685,subject_003636,,2,2,2,2,2,2,2,2,2,2,2,2
2686,subject_003637,,1,2,1,1,1,0,1,1,1,1,1,1
2688,subject_004028,,1,2,2,2,0,0,3,3,3,3,0,0
2689,subject_004562,,0,1,2,2,0,0,0,0,0,0,0,0
2691,subject_003642,,2,1,1,1,1,1,1,2,1,1,1,1
2692,subject_003645,,1,2,2,2,2,2,2,2,2,2,2,2
2693,subject_004563,,2,2,1,1,1,1,1,1,1,1,1,1
2694,subject_003648,,1,2,2,2,2,2,2,2,2,2,2,2
2695,subject_003650,,1,1,1,1,1,1,0,0,0,0,0,0
2697,subject_004564,,2,1,1,2,2,2,2,2,2,2,2,2
2698,subject_003654,,1,1,1,1,1,1,1,1,1,1,1,1
2699,subject_003655,,1,1,2,2,2,0,2,2,2,2,2,2
2700,subject_003656,,2,2,1,1,1,1,0,0,0,0,1,1
2702,subject_003661,,3,3,2,2,2,0,2,2,2,2,2,2
2703,subject_003663,,1,2,2,2,2,2,2,2,2,2,2,2
2704,subject_003666,,2,2,2,2,2,2,2,2,0,0,0,0
2705,subject_003667,user_0066,1,1,1,1,1,1,1,1,1,1,1,1
2707,subject_003670,,1,1,2,2,3,0,2,1,0,0,1,2
2710,subject_003675,,1,1,1,1,1,0,0,0,0,0,1,1
2711,subject_004029,user_0066,1,1,1,1,1,1,1,1,1,3,3,3
2712,subject_003679,user_0052,1,1,1,1,1,1,1,1,1,1,1,1
2713,subject_003681,user_0052,2,2,1,1,1,1,1,1,1,1,1,1
2714,subject_003682,user_0052,1,1,1,1,1,0,1,1,1,1,1,1
2715,subject_003683,user_0052,1,1,1,1,1,1,1,1,1,1,1,1
2716,subject_004565,user_0052,1,2,1,1,1,0,0,0,0,0,0,0
2717,subject_004566,user_0052,2,2,1,1,1,1,2,2,0,0,0,0
2718,subject_003690,user_0052,3,1,2,2,2,0,2,2,0,0,0,0
2719,subject_004567,user_0066,1,2,2,2,2,0,2,2,0,0,2,2
2720,subject_004568,user_0052,1,2,1,1,1,1,1,1,1,1,1,1
2721,subject_004569,user_0052,1,2,2,2,2,2,2,2,2,2,2,2
2722,subject_004570,user_0052,1,2,1,1,1,1,1,1,1,1,1,1
2723,subject_003694,user_0052,1,2,2,2,2,2,2,2,2,2,2,2
2725,subject_004571,,2,2,2,2,2,2,2,2,2,2,2,2
2726,subject_004030,user_0052,1,2,3,3,0,0,0,0,0,0,0,0
2727,subject_003698,user_0052,1,2,1,2,2,0,1,1,0,0,0,0
2728,subject_004031,user_0052,1,1,1,2,0,0,2,3,0,0,1,1
2730,subject_004572,user_0052,2,2,1,1,1,0,1,1,1,1,0,0
2731,subject_003701,user_0066,2,1,2,2,0,0,0,0,3,2,2,2
2732,subject_003704,user_0052,1,3,2,2,3,2,2,2,0,0,3,3
2733,subject_003708,user_0052,1,1,1,1,1,1,1,1,1,1,1,1
2734,subject_004573,user_0052,1,1,1,1,0,0,0,0,0,0,0,0
2736,subject_003710,user_0052,1,3,1,1,1,1,1,1,1,1,1,1
2737,subject_004574,user_0052,1,2,1,1,1,0,1,1,1,1,1,1
2739,subject_004575,user_0064,1,1,1,1,1,1,1,2,1,1,1,2
2740,subject_004576,user_0052,1,1,1,1,1,1,1,1,1,1,1,1
2742,subject_004577,user_0052,1,1,1,1,1,0,0,0,0,0,0,0
2743,subject_004032,user_0052,1,3,1,1,1,1,2,1,1,2,1,2
2746,subject_004578,user_0064,2,1,2,2,2,2,1,2,2,2,2,1
2747,subject_004033,user_0052,1,2,1,1,1,0,1,1,3,3,3,3
2748,subject_004579,,1,1,2,2,2,2,2,2,2,2,2,2
2749,subject_003718,user_0052,1,1,1,1,1,1,1,1,1,1,1,1
2750,subject_003719,user_0052,1,3,1,1,1,1,1,1,0,0,0,0
2751,subject_004580,,1,0,0,0,0,0,0,0,0,0,0,0
2752,subject_003720,,1,1,1,1,1,1,1,1,1,1,1,1
2754,subject_004581,,2,2,1,1,1,0,1,1,1,1,1,1
2758,subject_004582,,2,2,1,1,1,0,1,1,1,1,1,1
2760,subject_004583,,2,0,0,0,0,0,0,0,0,0,0,0
2763,subject_003736,,1,0,0,0,0,0,0,0,0,0,0,0
2765,subject_004584,,1,0,0,0,0,0,0,0,0,0,0,0
2766,subject_003737,,1,1,2,2,0,0,2,2,0,0,2,2
2767,subject_004585,user_0064,2,2,2,2,1,2,2,2,2,2,2,2
2768,subject_004586,,1,1,2,2,0,0,0,0,0,0,0,0
2770,subject_004034,,3,3,1,1,1,1,1,1,1,1,1,1
2772,subject_004587,,1,1,1,1,1,1,1,2,0,0,1,1
2773,subject_004588,user_0064,1,1,1,1,1,1,1,1,1,1,1,1
2774,subject_003742,,1,2,2,2,2,0,2,3,2,2,2,2
2775,subject_004589,,1,0,0,0,0,0,0,0,0,0,0,0
2776,subject_004035,,1,1,1,3,1,1,1,1,1,1,1,1
2777,subject_003743,,1,1,1,1,1,1,1,1,1,1,1,1
2778,subject_004590,,1,1,1,1,1,0,0,0,0,0,0,0
2779,subject_004591,,1,0,0,0,0,0,0,0,0,0,0,0
2780,subject_004592,,1,2,2,0,0,0,0,0,0,0,0,0
2781,subject_003746,user_0064,2,1,2,1,2,1,1,1,2,2,2,2
2782,subject_003747,,1,1,1,1,1,1,1,1,1,1,1,1
2783,subject_004593,,1,2,1,1,1,1,1,1,1,1,1,1
2785,subject_004594,,2,1,2,2,2,2,2,2,0,0,2,2
2786,subject_004036,,3,2,2,2,2,2,0,0,2,2,0,0
2787,subject_004595,,1,1,1,1,1,1,1,1,1,1,1,1
2788,subject_003749,,3,3,1,1,1,1,1,1,1,1,0,0
2789,subject_003750,,3,3,2,2,2,2,2,2,2,2,2,2
2790,subject_003752,,1,0,0,0,0,0,0,0,0,0,0,0
2791,subject_004037,,2,2,2,2,2,2,3,2,3,3,2,2
2793,subject_003757,,3,2,2,0,0,0,2,0,0,0,0,0
2794,subject_003762,user_0064,3,2,1,1,1,2,2,2,2,2,2,2
2795,subject_004596,user_0064,1,2,1,1,1,1,1,1,1,1,1,1
2796,subject_003768,,2,1,2,2,0,0,2,2,2,2,2,2
2797,subject_003781,,1,2,1,1,1,1,1,1,1,1,1,1
2798,subject_004597,,1,0,0,0,0,0,0,0,0,0,0,0
2800,subject_003784,user_0066,1,1,2,2,2,2,2,2,2,2,2,2
2801,subject_003785,user_0064,2,1,2,2,2,2,2,2,2,2,2,2
2803,subject_004598,,1,0,0,0,0,0,0,0,0,0,0,0
2804,subject_003794,,1,1,2,2,2,2,2,2,2,2,2,2
2805,subject_003797,,3,0,0,0,0,0,0,0,0,0,0,0
2808,subject_003803,user_0064,1,1,1,1,1,1,1,1,1,1,1,1
2810,subject_003807,,1,1,1,0,0,0,0,0,0,0,0,0
2811,subject_003810,user_0064,2,3,2,2,2,2,2,2,2,2,3,3
2812,subject_003811,user_0064,1,1,1,1,1,2,1,1,1,2,2,2
2813,subject_003813,user_0064,1,1,1,1,1,1,1,1,1,1,1,1
2815,subject_003819,user_0066,1,1,1,1,1,1,1,1,1,1,1,1
2817,subject_003821,,1,0,0,0,0,0,0,0,0,0,0,0
2818,subject_004038,,2,2,2,2,2,2,2,2,3,2,2,2
2819,subject_003825,,1,2,2,0,0,0,0,0,0,0,0,0
2820,subject_003826,,3,3,1,1,0,0,0,0,0,0,0,0
2824,subject_004599,user_0064,1,1,1,1,1,1,1,2,1,1,1,2
2825,subject_004600,user_0064,2,1,2,2,2,2,1,2,2,2,2,1
2826,subject_004601,,2,2,1,1,1,0,1,1,0,0,1,1
2828,subject_004602,user_0064,2,2,2,2,1,2,2,2,2,2,2,2
2829,subject_003838,user_0064,2,2,3,1,1,3,3,1,1,1,1,1
2831,subject_004039,user_0066,1,1,1,3,1,1,1,1,2,1,2,3
